,lon,lat
1,-92.5880744,40.193424
2,-99.7082877,32.4703417
3,-83.5259252,31.481325
4,-93.2997852,44.8557657
5,-122.4004678,37.7879584
6,-122.2696868,37.8059875
7,-75.1737665,39.9478133
8,-122.267637,37.862768
9,-105.880105,37.471212
10,-73.6505722,40.7220997
11,-93.25229,44.862929
12,-123.1231862,49.2852633
13,-84.0591739,41.8985832
14,-81.3675993,28.576276
15,-84.2945537,33.7692226
16,-80.1882434,25.7899658
17,-93.6455834,41.5619576
18,-81.4931899,41.0281267
19,-86.572031,34.7846326
20,-86.2897398,32.3643327
21,-149.8027203,61.1910518
22,-73.7786,42.6519829
23,-73.776883,42.651343
24,-73.7767885,42.6536322
25,-84.1401982,31.5710882
26,-72.9226957,41.3316093
27,-84.7451775,42.2440064
28,-75.910629,40.3615027
29,-91.1400411,31.8761569
30,-80.053085,39.1579337
31,NA,NA
32,-82.8735944,37.3359167
33,-80.1449494,41.649349
34,-80.860503,40.8672095
35,-92.340097,42.530276
36,-81.020246,34.010694
37,-118.1500089,34.0814352
38,-84.6699398,43.379011
39,-75.9354668,40.3090958
40,-87.9636173,42.9835246
41,-80.3642011,25.6863308
42,-87.6247831,41.8773229
43,NA,NA
44,-122.2560423,37.8652659
45,-95.5250595,29.7358038
46,-122.3980237,37.7605354
47,-122.410247,37.7869492
48,-118.3099624,34.1075984
49,-112.0917101,33.5778161
50,-84.3549162,33.9387302
51,-72.557144,42.112853
52,-118.4725275,34.1263884
53,-73.9875806,40.7721673
54,-79.2287206,37.3524601
55,-118.171508,33.797021
56,-72.5170028,42.3709104
57,-86.1738249,32.3626131
58,-85.97218,41.655814
59,-82.638025,34.514112
60,-71.1889601,42.3248568
61,-86.3593038,41.9642053
62,-100.4665211,31.4423256
63,-71.917944,42.327075
64,-118.3847529,33.9885705
65,-83.908854,39.8032391
66,-72.2938339,42.9317822
67,-119.6956621,34.4191422
68,-122.3461125,47.6158463
69,-97.800636,30.228654
70,-78.8413111,35.9225125
71,-81.200063,37.852625
72,-82.0964561,37.2779917
73,-81.6841448,36.2134842
74,-85.6285917,42.9603278
75,-90.2379251,38.6341331
76,-75.1648845,40.0914406
77,-84.3561621,33.920805
78,-87.624267,41.8865219
79,-157.860776,21.3083006
80,-117.8970823,33.7791358
81,-112.1073419,33.5669889
82,-122.2676406,37.7810831
83,-82.465362,27.351431
84,-88.0439976,42.0482168
85,-122.3532039,47.6145846
86,-82.4825728,27.9552391
87,-93.1738039,44.8373018
88,-77.0760424,38.8942731
89,-112.026236,33.595175
90,-111.9280527,33.4242399
91,-92.2895423,34.7350599
92,-90.6770298,35.8428152
93,-93.1386574,35.2950777
94,-97.1567294,32.7380287
95,-81.1633425,31.9782339
96,-84.5138767,39.1088559
97,-118.1851569,34.1688713
98,-84.6602771,37.8624058
99,-84.6618991,37.8632761
100,-117.141995,32.8273269
101,-82.3201275,40.8606937
102,-71.8289631,42.2947143
103,-86.9642859,34.8060722
104,-84.4041439,33.7096301
105,-80.1420424,26.1220774
106,-85.4951663,32.5933574
107,-86.1766584,32.3697457
108,-93.241798,44.966821
109,-90.5507098,41.5051053
110,-81.403554,40.795967
111,-88.3491545,41.7541302
112,-96.594854,33.64626
113,-97.7117114,30.3437873
114,-87.3540972,36.5379773
115,-97.737741,30.292518
116,-81.7313185,26.242147
117,-79.4134872,36.5776792
118,-94.5926275,38.9124721
119,-117.8883593,34.1300755
120,-71.2659951,42.2993708
121,-95.3350876,35.7767117
122,-74.068655,41.113838
123,-83.6961214,42.9754572
124,-83.250266,42.65936
125,-85.3838296,44.2657778
126,-82.903065,42.551025
127,-83.6961214,42.9754572
128,-84.4513693,42.2776181
129,-86.1967879,43.2434806
130,-84.1731871,42.9848669
131,-82.468541,42.978242
132,-95.188819,38.777439
133,-81.848391,41.3735087
134,-85.406986,40.2061028
135,-73.9664929,40.8056966
136,-93.2853642,37.2397278
137,-75.6854254,41.4951198
138,-98.568129,29.516944
139,-90.0276951,35.1389074
140,-95.2555359,31.9789669
141,-77.4684553,37.6323401
142,-99.104887,37.620996
143,-73.9100544,42.0203897
144,-73.378238,42.207976
145,-73.9639632,40.8090974
146,-90.2588788,38.6370514
147,-80.1963047,25.8791435
148,-77.9162702,35.7351078
149,-122.251922,47.729951
150,-70.2021865,44.1057216
151,-84.4001851,33.7672724
152,-72.5838321,42.0555616
153,-71.0769203,42.3517285
154,-95.3961698,29.7104397
155,-97.1143146,31.549841
156,-71.811918,42.2670243
157,-84.641397,39.0172165
158,-90.1688125,32.3198513
159,-85.70486,38.219141
160,-122.1484161,47.5855425
161,-95.920499,41.1509234
162,-87.9217586,44.468336
163,-81.0431492,35.2621669
164,-86.7940699,36.1328981
165,-89.0309048,42.5030333
166,-94.8754557,47.4863158
167,-81.020461,34.012867
168,-95.1113744,39.5731522
169,-88.0967798,41.7783779
170,-71.070193,42.346037
171,-79.779216,36.067872
172,-73.2359361,42.9202725
173,-71.22168,42.3856989
174,-147.8676213,64.836629
175,-73.979561,40.7539343
176,-74.1872249,40.9004188
177,-71.0895292,42.3465952
178,NA,NA
179,-73.981136,40.635444
180,-73.992678,40.6052279
181,-74.2225005,40.0962562
182,-80.559834,40.206055
183,-93.990284,44.166156
184,-84.9106908,39.8261568
185,-86.196199,41.678297
186,-97.3425835,38.0747608
187,-117.0661182,32.7654549
188,-93.1610252,45.0581152
189,-117.9413646,33.842355
190,-81.0322912,29.2120348
191,-84.3578094,33.7368983
192,-118.0152341,33.9055049
193,-86.854721,33.51392
194,NA,NA
195,-103.8711895,44.49651
196,-89.8733533,39.2886265
197,-91.3983317,39.9356314
198,-74.1955536,40.7946347
199,-76.4472749,41.0081119
200,-89.0293182,34.6721036
201,-81.246277,37.244538
202,-81.2374456,37.2672311
203,-83.897922,40.8968149
204,-116.2913775,43.6581815
205,-116.201649,43.6033127
206,-77.4330528,37.6468058
207,-73.9464526,40.8336649
208,-71.0857391,42.3484629
209,-71.11015,42.253995
210,-71.1684945,42.3355488
211,-71.1331033,42.3391142
212,-71.1053991,42.3504997
213,-69.96198,43.906776
214,-76.7594027,39.0192909
215,-83.6300826,41.3797788
216,-89.6153484,40.6977743
217,-71.2585265,42.3662517
218,-117.769041,33.656335
219,-95.4091894,29.0485447
220,-83.822032,34.302811
221,-87.1119826,37.7689415
222,-82.7293012,35.2365947
223,-82.5847649,32.1857919
224,-96.4270388,42.5270102
225,-73.4904563,40.7593739
226,-78.969386,38.378879
227,-70.9660014,41.9877398
228,-157.9253554,21.641842
229,-111.782753,43.818146
230,-111.6493156,40.2518435
231,-2.6029792,51.4584172
232,-111.941832,40.6103114
233,-112.112536,33.566153
234,-110.8762627,32.2077961
235,-73.9896878,40.6918663
236,-80.233972,26.079059
237,-81.5888822,41.094754
238,-84.4565524,39.2562205
239,-83.6194414,41.0587812
240,-85.102829,41.1094971
241,-94.73443,38.952825
242,-85.6951905,38.1578542
243,-87.3262331,41.4736176
244,-86.875159,41.6859551
245,-81.4290003,40.8448981
246,-84.5705338,39.0422902
247,-97.613626,38.8050984
248,-86.199895,41.708299
249,-110.8950322,32.2365903
250,-71.4025482,41.8267718
251,-96.650422,40.797057
252,-84.998968,35.496461
253,NA,NA
254,-73.8096422,42.6982468
255,-78.7426955,43.0407394
256,-78.8735264,42.8865088
257,-81.4367669,41.6379759
258,-77.6960651,43.2408002
259,-87.9151486,43.0393033
260,-81.781721,41.4044531
261,-77.5431851,37.4595186
262,-78.770408,42.790207
263,-76.2402162,43.1897305
264,-76.1382847,36.8278513
265,-71.5382698,41.9210684
266,-75.3144708,40.0266246
267,-76.8847321,40.9548827
268,-95.21007,42.640722
269,-73.228266,44.4911559
270,-86.1711908,39.8411235
271,-80.6008602,35.43995
272,-75.3750112,40.0546506
273,-74.908454,40.165681
274,-74.272567,40.8343983
275,-117.4255596,33.9284067
276,-119.7108224,36.7500277
277,-122.2503541,37.8362513
278,-122.416334,37.774573
279,-118.125269,34.1376576
280,-118.5668491,34.3932823
281,-118.8786765,34.2255657
282,-120.6624942,35.3050053
283,-117.8215295,34.0565284
284,-119.1031573,35.3514255
285,-119.0434218,34.1620531
286,-121.846284,39.7281375
287,-118.2552809,33.8633706
288,-122.0563527,37.6576656
289,-119.7460937,36.8133636
290,-117.8869261,33.8829226
291,-118.1140904,33.7838235
292,-118.1676469,34.0656419
293,-121.80171,36.653788
294,-118.5281648,34.2373873
295,-121.4235971,38.5597528
296,-117.3232543,34.1804736
297,-117.1599449,33.1295574
298,-120.8568887,37.5245713
299,-79.8842253,40.0641039
300,-117.1624897,32.721719
301,-87.4940145,41.6709897
302,-94.5447532,38.8375729
303,-85.5889329,42.9295084
304,-85.5865166,42.9279609
305,-71.1108762,42.3687931
306,-98.4335419,34.6058565
307,-78.7394297,35.4083372
308,-85.348925,37.343857
309,-78.8514848,42.9248338
310,-82.9373833,39.9552588
311,-76.851195,39.046259
312,-87.9079842,43.1398021
313,-98.5511066,29.4919265
314,-93.1560904,44.4613533
315,-80.354395,25.795308
316,-79.9634386,40.4392049
317,-79.9434567,40.4434658
318,NA,NA
319,-88.2279985,43.0044999
320,-83.490358,36.122362
321,-87.8198185,42.6238133
322,-81.6083838,41.5043413
323,-73.1780814,43.6093936
324,-80.4827508,35.691389
325,-87.5859676,41.7978447
326,-75.854914,42.932504
327,-75.5191992,40.5862612
328,-83.8126484,39.7495714
329,-74.834676,40.846359
330,-93.7321556,32.4847432
331,-95.558709,29.753166
332,-92.4448801,35.0831613
333,-94.8381739,39.0094077
334,-97.6676974,38.3583827
335,-92.42759,39.397969
336,-92.919667,41.400595
337,-72.764167,41.693255
338,-92.6816104,39.1503076
339,-84.7756364,43.5819086
340,-76.9346183,40.3049759
341,-83.8772028,39.7157656
342,-120.5360183,47.0067549
343,-73.9387668,40.6697546
344,-122.9609235,46.715635
345,-84.782037,37.6457214
346,-76.0645119,36.837538
347,-103.0015725,42.8198689
348,-157.8073979,21.2905834
349,-73.2041352,44.4731165
350,-117.853647,33.7932282
351,-118.242526,33.925633
352,-80.07145,32.982704
353,-149.8393167,61.1963065
354,-118.4675894,34.4156496
355,-79.9234461,40.4475765
356,-75.2286092,40.0866725
357,-75.5285661,39.9338724
358,-87.6112325,41.718485
359,-87.59117,41.785647
360,-85.2325808,30.7874026
361,-77.0983131,36.4362956
362,-78.6604397,42.7714484
363,-89.982519,35.127385
364,-121.2962571,38.0297345
365,-86.1783417,39.8331938
366,-76.4904749,37.0619453
367,-122.261079,37.8762337
368,-84.554644,39.1124565
369,-84.5055867,39.2064871
370,-79.9606739,32.797075
371,-80.1703458,26.1874318
372,-82.41733,29.654838
373,-80.1703458,26.1874318
374,-122.3444475,47.6178002
375,-80.854255,33.4989367
376,-117.713872,34.103824
377,-117.7079219,34.1017767
378,-117.7160811,34.1081003
379,-79.3789371,41.208392
380,-84.4116761,33.7507696
381,-71.8223032,42.2501767
382,-90.69135,42.50888
383,-95.9754506,41.2593411
384,-74.999495,44.6627128
385,-84.3281872,33.5948497
386,-83.7275892,36.7253444
387,-83.8805151,42.5874234
388,-82.8387721,34.6760347
389,-81.6024146,41.5104317
390,-81.6087868,41.5124317
391,-81.6747185,41.5024973
392,-94.6791894,38.9320245
393,-81.0429245,34.9134144
394,-122.4978684,47.1761017
395,-79.01173,33.7949658
396,-91.6591287,41.9884283
397,-121.9408227,37.4140248
398,-80.0704915,34.3765882
399,-69.6626362,44.5638691
400,-71.978033,43.412062
401,-117.1362699,32.8217704
402,-77.6003087,43.1321842
403,-75.5407681,42.8157506
404,-83.0628312,42.3613504
405,-95.5065116,29.7166608
406,-82.17344,29.163342
407,-79.9371762,32.7836117
408,-81.4864072,31.183817
409,-88.082257,44.478081
410,-73.9030113,40.9124186
411,-72.6005529,42.1416694
412,-94.3922299,45.5800433
413,-74.439389,40.78059
414,-96.0216128,41.2402345
415,-114.9654825,36.007926
416,-73.0006774,43.598154
417,-74.1484904,40.6018152
418,-68.2225667,44.3944241
419,-71.8052464,42.2378888
420,-93.2385421,36.6197814
421,-76.713378,37.271674
422,-104.9418736,39.6929491
423,-111.6576301,35.1944475
424,-117.8244132,34.0550833
425,-105.0956439,39.7130215
426,-104.824394,38.846594
427,-105.027703,39.6602044
428,-108.553526,39.0787545
429,-107.3243993,39.5464175
430,-105.2225705,39.7510136
431,-104.9601816,39.7394099
432,-105.0865473,40.573436
433,-104.579911,38.306015
434,-104.8343351,38.8941309
435,-104.9508141,39.6172101
436,-96.7736585,43.4968999
437,-119.121346,46.252196
438,-92.3263201,38.9569623
439,-87.6244445,41.8742257
440,-118.5388957,34.1794632
441,-81.0755088,34.0753322
442,-84.2817405,33.7638326
443,-73.9625727,40.8075355
444,-82.989781,39.965001
445,-84.94159,32.502212
446,-94.681878,40.240151
447,-81.0044007,37.4256908
448,-94.58972,39.06803
449,-87.017734,32.425468
450,-96.7700579,46.8628042
451,-73.8216889,40.9425436
452,-90.312138,38.6381398
453,-85.1096144,41.1390374
454,-83.6805412,42.2738546
455,-87.8094504,41.8995239
456,-117.810409,33.65461
457,-97.0918169,40.9152098
458,-122.6368874,45.5701912
459,-93.155608,44.950455
460,-97.8386576,30.4203119
461,-87.915334,43.253396
462,-72.1045869,41.3786877
463,-81.9186956,34.9561776
464,-72.694789,42.5055867
465,-75.1168893,39.9416306
466,-73.9916086,40.7280822
467,-76.65818,39.311698
468,-122.9589391,44.8830429
469,-91.4253502,41.9269546
470,-76.4735027,42.4534492
471,-85.596614,42.98274
472,-122.3362429,47.6181721
473,-94.370981,37.837377
474,-85.3749794,34.9654583
475,-90.4520795,38.6436756
476,-93.2892948,37.2251883
477,-83.2501995,42.5728496
478,-95.9450167,41.2655683
479,-86.039805,39.780129
480,-92.4763843,43.9970509
481,-90.584504,36.066437
482,-93.743283,44.885679
483,-73.933346,41.745685
484,-91.5335407,40.1290996
485,-86.3003331,36.2040329
486,-73.9833745,40.7401991
487,-73.9544124,40.6309949
488,-73.9492724,40.8200471
489,-73.98391,40.748621
490,-73.9646251,40.7685406
491,-73.9884995,40.7703931
492,-73.8941395,40.8733183
493,-73.9575858,40.6664998
494,-73.9874589,40.6955339
495,-73.8161342,40.7362689
496,-73.9437584,40.7477583
497,-73.7967735,40.7016257
498,-71.1148112,42.2406763
499,-75.1706353,39.9488136
500,-78.8908267,42.9025804
501,-78.7884384,42.9648902
502,-97.1117345,44.0124762
503,-98.03122,43.697665
504,-96.9469421,32.7092263
505,-96.8875863,32.9137019
506,-96.780518,32.7945265
507,-85.0032471,34.7733488
508,-71.5152703,42.7757983
509,-72.2886934,43.7044406
510,-84.2109519,31.5839651
511,-85.5302652,42.8498108
512,-80.8431315,35.5024917
513,-79.845491,38.928793
514,NA,NA
515,-86.4734318,36.9674736
516,-87.1436144,37.7377804
517,NA,NA
518,-88.6325575,37.0676692
519,-87.3128475,36.5828012
520,-86.6719084,36.146175
521,-81.0485046,29.2021607
522,-71.3983948,42.085449
523,-84.3543503,41.2967781
524,-75.5415792,39.1879258
525,-75.1588217,40.2987672
526,-123.9888258,40.8809052
527,-90.7354508,33.7453784
528,-82.522643,40.074025
529,-105.0224026,39.6005925
530,-87.627281,41.877924
531,-86.860248,39.6408895
532,-93.6616902,41.5835804
533,-75.3792986,40.5387807
534,-117.1674021,32.8809005
535,-77.197232,40.2027214
536,-102.7995721,46.8823226
537,-90.067542,29.9948773
538,-109.2161569,36.2938846
539,-90.9354909,42.44287
540,-113.5658668,37.1026869
541,-96.950967,40.622954
542,-73.9554794,41.0534881
543,-122.2645961,37.8811387
544,-87.8220588,41.9024125
545,-122.5134767,37.9798763
546,-118.2897439,34.0659512
547,-94.6503,39.112333
548,-96.1663608,43.0824829
549,-73.1481218,40.7422255
550,-93.6580638,41.6012863
551,-74.423026,40.763497
552,-75.1899441,39.9566127
553,-93.2847716,37.2183829
554,-78.9382286,36.0014258
555,-92.157558,46.741662
556,-93.2901335,44.9727807
557,-79.9903168,40.437001
558,-111.9036035,40.6500443
559,-84.9132228,39.8238146
560,-77.3559963,35.6066409
561,-96.6598029,34.7728483
562,-82.307009,32.595367
563,-75.173508,40.9953916
564,-82.3701933,36.3025374
565,-94.3747227,32.5574273
566,-82.5515891,27.3684622
567,-87.624743,41.871281
568,-72.216135,41.7194436
569,-80.6708733,28.169954
570,-88.1759052,39.4780293
571,-74.0608518,40.7354287
572,-84.301818,37.738514
573,-78.8793097,38.4719168
574,-83.624089,42.2506803
575,-71.0107748,42.2713976
576,-103.348034,34.179216
577,-119.0725636,43.5763685
578,-75.3710948,40.0507742
579,-76.3036388,36.8602849
580,-117.5854813,47.4906163
581,-82.68816,27.715886
582,-76.1788665,36.8425501
583,-90.3448329,38.5928115
584,-89.423378,43.060689
585,-80.115177,41.8721304
586,-81.6836991,30.3436839
587,-76.214596,36.282049
588,-76.589792,40.1503251
589,-87.945605,41.895871
590,-76.8153705,42.0967817
591,-79.5038882,36.1048749
592,-81.0482518,29.1880452
593,-112.4504426,34.6166691
594,-71.0656551,42.3520298
595,-71.1030087,42.3418196
596,-90.705783,42.508698
597,-81.8359796,36.7721935
598,-84.3239989,33.7925195
599,-118.4851591,34.0304146
600,-96.1801314,38.413778
601,-70.8426648,42.5519539
602,-121.3625795,38.6451516
603,-71.1246795,42.3765184
604,-87.6320876,41.8906341
605,-82.3905527,34.3305278
606,-89.267575,40.71398
607,-93.2629905,37.2198881
608,-76.307078,40.372754
609,-93.3049031,37.1816722
610,-82.3503365,27.9804771
611,-81.7061248,30.1888238
612,-81.945842,28.0528039
613,-82.7758933,27.9152737
614,-80.657432,28.1231888
615,-81.4267748,28.434801
616,-80.1032436,26.2338833
617,-81.4267748,28.434801
618,-82.497481,27.996472
619,-80.1094877,26.3907349
620,-73.2573625,41.1587639
621,-74.030864,40.8977928
622,-80.161015,39.482198
623,-93.624298,41.73667
624,-122.5163641,47.2801639
625,-96.9014236,35.4623548
626,-73.4287388,40.7525499
627,-118.2600172,34.0441931
628,-122.406456,37.7862786
629,-73.995082,40.747484
630,-86.2187194,32.3849572
631,-78.891717,35.076475
632,-74.112864,40.829519
633,-85.4841782,43.6834099
634,-80.0206987,36.9264771
635,-119.717472,34.4292763
636,-88.5891047,47.1265521
637,-71.07417,42.35531
638,-86.8036732,36.1672514
639,-71.789832,42.5882121
640,-121.9980494,36.9644346
641,-73.369859,40.794627
642,-81.3148867,29.8927054
643,-84.2878389,30.424734
644,-80.1021113,26.3749228
645,-80.3677993,25.7565152
646,-81.580487,30.232719
647,-82.383495,28.0345593
648,-81.401812,28.463562
649,-82.566645,30.176485
650,-81.7733903,26.4643209
651,-80.623022,28.0646888
652,-80.3739487,25.7565756
653,-80.2708329,25.9182174
654,-80.321731,25.861521
655,-81.9486828,28.03254
656,-81.8872939,26.5513307
657,-81.6597059,30.3344064
658,-84.2984889,30.4418778
659,-81.1964968,28.5732425
660,-90.3158907,38.6415452
661,-73.8856987,40.8620404
662,-102.4731946,47.9832506
663,-99.3401772,38.8731302
664,-107.8710381,37.2737453
665,-83.898232,32.536914
666,-84.1462691,39.6443171
667,-83.920668,36.029224
668,-71.4370463,42.2979259
669,-79.653017,34.189613
670,-117.3201763,33.2325181
671,-80.6203713,40.3765186
672,-76.3179016,40.0475258
673,-86.045479,39.478646
674,-72.0555393,42.7789743
675,-82.9903407,39.9583587
676,-88.637402,35.439035
677,-118.0970076,33.8683469
678,-119.7357524,36.7262997
679,-97.3665583,37.6779869
680,-83.379398,37.1655657
681,-78.9330554,39.6505499
682,-81.3014053,28.5963409
683,-118.1404172,34.1477704
684,-82.4382693,34.9237
685,-80.0865882,42.1282445
686,-81.6685942,35.2491165
687,-87.675625,42.056016
688,-80.323277,40.7715964
689,-122.970532,45.302754
690,-77.3120885,38.8315541
691,-77.0485992,38.8997145
692,-84.5543228,38.2070067
693,-83.230898,33.081995
694,-85.2076043,34.1699343
695,-84.396285,33.7756178
696,-81.78419,32.412215
697,-84.2175462,32.0566815
698,-84.3852819,33.753068
699,-74.2274498,40.0997898
700,-77.2316189,39.8354367
701,-80.833222,38.9348779
702,-74.0059932,40.7149312
703,-92.942019,44.9454345
704,-72.4380985,44.2789722
705,-84.5058698,39.1158102
706,-122.398982,37.789292
707,-75.6895335,39.7415725
708,-117.4023849,47.667189
709,-84.5206726,39.140035
710,NA,NA
711,-72.6404704,41.7428246
712,-70.8209286,42.5893751
713,-84.150109,33.047455
714,-70.8450204,42.6124501
715,-85.828317,41.564367
716,-76.596545,39.408765
717,-87.716819,41.448693
718,-85.692024,42.919082
719,-85.8165654,41.2263523
720,-95.9275421,41.246831
721,-93.925638,40.616346
722,-122.2618794,37.87554
723,-92.717496,32.522348
724,-112.1299582,33.5105204
725,-85.8889465,42.9639355
726,-93.6043618,41.6207915
727,-71.527243,43.192908
728,-75.1339,40.067243
729,-115.7671347,40.8425713
730,-84.6385003,42.7543252
731,-73.2442058,43.5167448
732,-122.177741,47.3135849
733,-79.8002632,36.0710001
734,-89.4087017,38.8928199
735,-92.7201302,41.7490571
736,-79.8887399,36.0917988
737,-85.728897,30.185109
738,-93.9687771,44.3221619
739,-75.237334,40.196788
740,-98.5685427,29.5383757
741,NA,NA
742,-90.5599073,41.5740607
743,-93.164807,44.965946
744,-78.4610298,37.2403758
745,-72.5322956,42.325559
746,-76.3343603,37.0228392
747,-91.3906931,39.7273645
748,-85.4623681,38.7192502
749,-99.7349328,32.4776324
750,-91.7261195,35.248876
751,-87.6344803,41.8821863
752,-90.2250524,38.6324486
753,-85.676742,40.062384
754,-85.900148,39.249586
755,-87.494599,37.99546
756,-85.119563,41.137951
757,-86.264909,39.926824
758,-86.022823,39.749818
759,-86.8936042,40.417953
760,-87.3320945,39.4496253
761,-75.0728868,42.4573534
762,-71.1166601,42.3770029
763,-117.7104699,34.1060817
764,-95.2333404,38.9377658
765,NA,NA
766,-75.305318,40.0066524
767,-157.8596042,21.3104378
768,-71.1892121,42.3256922
769,-87.760724,42.0108542
770,35.2234326,31.7760667
771,-83.1664075,41.1143037
772,-73.9433766,40.8025896
773,-71.1262841,42.3169836
774,-93.0590436,34.12793
775,-92.4420118,35.1000469
776,-78.6131877,35.2679128
777,-87.6629836,34.8561377
778,-120.3947462,46.373833
779,-84.3613557,33.8455653
780,-86.8325726,33.468634
781,-90.2391985,30.0015668
782,-89.2917184,43.1440979
783,-93.3666872,45.056177
784,-81.3126435,28.6157234
785,-90.4075335,38.7095833
786,-79.9950397,35.9732327
787,-122.3024467,47.3880742
788,-78.8214343,42.7536002
789,-97.4909672,35.3007293
790,-81.1439525,41.3107322
791,-84.3653372,35.5585222
792,-76.9844868,42.8591531
793,-80.1317769,27.0662848
794,-81.741335,26.277176
795,-73.5985336,40.7165676
796,-79.9430537,37.3547884
797,-72.6483784,41.6080992
798,-71.8052464,42.2378888
799,-74.9882139,40.0610159
800,-122.186495,37.80249
801,-77.4202024,39.4213829
802,-86.1023574,42.7871797
803,-117.8856392,33.8764346
804,-78.1567718,42.4266996
805,-95.5153322,29.6952888
806,-98.986007,31.716101
807,-124.077821,40.8752748
808,-121.0603578,37.6901358
809,-86.2863163,32.3504918
810,-85.4998244,40.8990177
811,-75.1485049,39.9498567
812,-68.7914302,44.8272366
813,-97.7223212,30.2645512
814,-73.9528508,40.7895827
815,-112.4337909,42.8602156
816,-104.96059,39.675741
817,-90.24675,39.730211
818,-87.6221016,41.8354193
819,-87.6270059,41.8348731
820,-88.9946702,40.5122833
821,-88.9903843,40.4910835
822,-75.5689967,40.0294054
823,-80.3579241,27.4232701
824,-85.1164143,41.0791572
825,-87.4103736,39.4705314
826,-79.1610625,40.6142181
827,-86.5130173,39.1766135
828,-84.88253,39.8696023
829,-86.1314163,40.4597051
830,-87.3376207,41.5572569
831,-85.1081012,41.1183128
832,-86.1763393,39.7738832
833,-86.2219606,41.6656585
834,-85.816955,38.345745
835,-85.6646919,40.5193861
836,-87.6248853,41.886099
837,-106.011667,35.585956
838,-84.4101673,33.753435
839,-117.866392,33.641187
840,-111.879583,33.273731
841,-85.2576265,41.034879
842,-73.7861826,40.9273194
843,-93.6464654,42.0266187
844,-91.5531474,40.9727829
845,-76.498564,42.421658
846,-106.5904722,35.1638496
847,-97.106256,32.7608555
848,-88.0060918,42.1445352
849,-90.386633,38.4087511
850,-97.6990071,30.3229137
851,-86.915953,33.3391209
852,-116.3355456,43.6601464
853,-89.821518,35.1805877
854,-84.1874088,39.8356712
855,-90.4612782,38.7579719
856,-122.2563711,47.9312493
857,-80.2524036,26.078993
858,-85.1305683,41.168181
859,-88.1059841,44.5531669
860,-87.9930112,42.9600793
861,-82.2969462,34.8358699
862,-115.0902016,36.0260957
863,-80.295986,25.9401024
864,-95.4262365,29.9943912
865,-95.539962,29.7340887
866,-86.0444967,39.8033021
867,-81.5813833,30.2489787
868,-84.089198,35.9211331
869,-81.3664969,28.7502261
870,-121.2940607,37.8094499
871,-92.395171,34.7491553
872,-85.816962,38.1823745
873,-80.7650073,35.3382656
874,-86.66323,36.1470972
875,-117.1060959,32.6616272
876,-87.449868,37.979812
877,-76.218155,36.8801533
878,-71.1882201,42.2001384
879,-87.9416932,41.8451757
880,-96.0747162,41.2700317
881,-117.8963079,33.7800411
882,-87.8997261,41.5534287
883,-119.1457985,34.2212926
884,-122.5652833,45.5749982
885,-121.2814441,38.5917171
886,-96.7573791,32.9797553
887,-77.5573352,37.4993442
888,-90.2812046,29.9811895
889,-98.5934729,29.5533218
890,-117.2706096,34.0700199
891,-117.8185406,34.1024044
892,-122.2738908,47.4905089
893,-117.2221463,47.6752973
894,-81.8074021,41.3497142
895,-118.4739186,34.2995006
896,-82.5475338,27.982415
897,-111.955054,33.3469545
898,-118.3237298,33.8597379
899,-83.1173647,42.5628881
900,-110.9969629,32.2967125
901,-95.1214702,29.5251798
902,-105.0489776,39.8524534
903,-71.1580593,42.587446
904,-85.7122641,42.8543366
905,-80.7231905,41.1869725
906,-84.406326,42.163974
907,-90.2131912,32.2987443
908,-85.7663475,33.8231467
909,-81.6044628,30.3506247
910,-78.8697548,38.435092
911,-79.2497544,42.0955469
912,-95.1798281,32.5891875
913,-79.939541,37.266093
914,-73.9605882,40.8120268
915,-94.5585742,36.1914449
916,-81.531421,41.490244
917,-122.0546361,37.9567523
918,-76.6205177,39.3299013
919,-104.9051053,39.7473622
920,-80.1646774,25.8945516
921,-71.4131454,41.8197301
922,-80.8576346,35.2445186
923,-72.6742736,44.6463437
924,NA,NA
925,-81.3626275,28.3024838
926,-87.3149694,32.6298869
927,-88.291279,42.061746
928,-78.0166197,40.499442
929,-85.598145,42.290035
930,-94.5834014,39.046666
931,-94.5612386,39.1070723
932,-96.5847249,39.1974437
933,-97.6093619,38.8134816
934,-92.4484398,42.4745952
935,-91.7135496,41.949511
936,-90.5506759,41.5550123
937,-93.7784493,41.6447648
938,-77.722675,39.673767
939,-96.694132,40.808828
940,-70.3243262,43.6387865
941,-93.2389327,43.1496678
942,-96.0731078,41.3091671
943,-74.2342865,40.678071
944,-72.2815271,42.918376
945,NA,NA
946,-80.1640035,26.1859167
947,-87.6490234,41.8988964
948,-84.5815717,34.0380784
949,-90.3240215,38.5845498
950,-80.8310776,41.8889063
951,-80.5766531,40.6169942
952,-81.1428219,41.4839608
953,-81.3414649,41.1490629
954,-80.8355998,40.8640232
955,-81.4368682,40.8670052
956,-80.8391628,41.2798893
957,-81.4071415,40.4678681
958,-82.946523,38.339171
959,-83.4385424,37.6033855
960,-84.8554086,38.2014044
1,-87.1201839,37.7435478
2,-82.3983079,40.3718965
3,-84.1924967,39.6950114
4,-83.712981,43.0114011
5,-77.0905414,42.6151505
6,-75.777405,41.559007
7,-82.156221,36.585686
8,-75.8792853,41.2499673
9,-97.1214995,32.9396033
10,-87.7143929,42.0338591
11,-90.3724051,40.94181
12,-75.7834225,40.5100878
13,-85.5920919,43.0224079
14,-80.0140875,40.5683018
15,-75.1566429,40.0386083
16,-117.494974,33.909867
17,-71.0582755,42.2607677
18,-75.2087298,40.6986202
19,-85.0433441,33.0384447
20,-117.7723367,33.5616845
21,-81.2518076,41.7177632
22,-80.1059424,42.0807989
23,-87.828913,42.249058
24,-88.0461002,42.0437469
25,-86.3928613,42.0972721
26,-84.3638112,46.4930772
27,-122.167027,47.704691
28,-81.797152,28.829243
29,-96.276131,30.53321
30,-87.644316,40.1385944
31,-94.0708047,30.0440168
32,-76.288094,40.073488
33,-76.3177306,40.0457219
34,-82.166785,34.201084
35,-72.5118469,42.9767642
36,NA,NA
37,-97.2617053,35.9453456
38,-71.2446266,42.3432053
39,-79.9984477,35.9942938
40,-83.2497967,42.4755011
41,-88.3974551,44.260288
42,-111.906586,33.50251
43,-76.0855042,43.0497018
44,-90.0344386,35.1180562
45,-76.514699,40.331103
46,-84.8715697,35.1661061
47,-81.8753745,36.1617964
48,-75.3782832,40.6069087
49,-81.3275644,35.7397068
50,-81.0385467,34.0423822
51,-71.1171337,42.3800462
52,-94.7303026,32.4669682
53,-122.6774355,45.4524083
54,-88.0799314,41.6040218
55,-117.025932,46.411286
56,-84.5263352,37.9963275
57,-79.1773107,37.3534764
58,-122.1181507,37.637597
59,-117.8289949,34.0993665
60,-84.516481,33.932414
61,-73.975049,40.759829
62,-81.6497898,35.0556544
63,-89.3435986,40.1465785
64,-89.3611111,40.1567541
65,-72.9207949,41.6302663
66,-80.0925409,26.7560317
67,-83.6601104,36.577238
68,-75.9270918,39.8086987
69,-90.5039452,38.7865379
70,NA,NA
71,-123.199224,45.200606
72,-122.6975639,45.53141
73,-86.79999,36.105632
74,-73.269697,40.7996718
75,-73.9807991,40.6911479
76,-73.9352736,41.038715
77,-73.7046321,41.0505495
78,-73.5887219,40.8154837
79,-78.556091,35.942671
80,-80.484675,35.671441
81,-77.4621099,41.1418034
82,-90.5417841,38.6316701
83,-117.2602921,34.0526678
84,-78.3961973,37.2971798
85,-90.681399,42.502738
86,-92.4266601,31.3252793
87,-91.1800023,30.4132579
88,-90.0832621,29.9572962
89,-92.4141391,31.1781021
90,-93.7042912,32.4285844
91,-92.6444419,32.5263477
92,-85.68522,38.238149
93,-83.707293,41.709757
94,-118.4169289,33.9697859
95,-87.6581921,41.998997
96,-76.6213734,39.3462005
97,-90.121721,29.93414
98,-101.9362333,33.5723433
99,NA,NA
100,-84.1231051,33.6979186
101,-93.1967735,44.9858877
102,-87.5988913,41.7956199
103,-77.244826,39.8311538
104,-75.1906518,40.0622402
105,-77.000181,41.246018
106,-72.3281908,41.3228788
107,-79.183153,37.4006
108,-72.025198,44.5355567
109,-80.1252866,26.3840079
110,-91.6262059,35.7782924
111,-93.1687294,44.9397631
112,-73.9884165,40.6279066
113,-90.223117,39.731828
114,-89.3279189,43.1218286
115,-89.2942138,43.0589735
116,-83.403497,42.3842841
117,-91.9672906,41.0178238
118,-70.260822,43.655638
119,-68.803489,44.3885883
120,-81.3806233,40.8272374
121,-85.7600945,41.0115283
122,-96.5791841,39.1858232
123,-73.9010623,40.8899623
124,-73.9614844,40.8124329
125,-73.714781,41.032207
126,-77.073438,41.808199
127,-88.7379728,43.1950165
128,-73.8062487,42.6575389
129,-86.2028294,39.8131427
130,-81.4491067,39.4145456
131,-73.9341204,41.7224565
132,-72.7347545,42.8390545
133,-72.5562686,42.8502536
134,-87.9298002,43.0384666
135,-82.5508356,35.8268425
136,-117.886388,33.889793
137,-82.4263138,38.4235332
138,-94.4720672,44.3045605
139,-87.0363892,35.2002352
140,-86.1024091,39.7984149
141,-79.0702127,38.1515591
142,-83.155533,42.4154259
143,-76.6216339,39.307555
144,-76.888268,39.165938
145,-122.6472524,45.3985866
146,-118.3335883,33.734915
147,-73.9597198,40.7687419
148,-77.1277618,38.905351
149,-83.9641634,35.7514166
150,-90.5050814,38.6444738
151,-75.6343437,41.4329979
152,-71.0992668,42.3368239
153,-73.1033372,42.691554
154,-71.0688305,42.3631763
155,-71.09416,42.360091
156,-70.6263848,41.7389104
157,-71.1993855,42.6819767
158,-80.4191259,25.7229994
159,-89.9139269,35.2233987
160,-92.4668678,44.022738
161,NA,NA
162,-97.3237882,47.5039296
163,NA,NA
164,-77.0036763,39.5829886
165,-89.8147926,38.608913
166,-99.7506277,32.4291005
167,-93.0972724,44.9499965
168,-93.2178729,30.1804575
169,-97.6420269,38.3721279
170,-71.1011685,42.3367366
171,-87.624792,41.8740166
172,-78.8559545,42.928608
173,-88.020103,43.043967
174,-79.947896,32.784226
175,-86.8056305,36.1669708
176,-89.9938068,35.1458712
177,-89.9823649,35.133237
178,-122.1920741,37.4560638
179,-83.6539363,32.8273982
180,-73.8745391,41.0221144
181,-93.626271,41.594291
182,-83.5519875,41.6586459
183,-80.0536593,42.1050703
184,-78.6883833,35.7981239
185,-71.1225705,42.6677049
186,-73.9793764,40.6352177
187,-73.969357,40.6382222
188,-73.991318,40.7137811
189,-97.1004294,32.8311653
190,-76.9881939,40.1579568
191,-96.04837,41.265533
192,-83.059269,40.253451
193,-78.8726748,35.1334615
194,-74.0149514,40.7087232
195,-105.0044627,39.7438924
196,-105.0044627,39.7438924
197,-71.0540302,42.3748826
198,-80.1909088,25.7776199
199,-84.7308768,39.5105334
200,-83.2393282,42.4591785
201,-83.359745,42.491475
202,-84.4821719,42.701848
203,-84.4735426,42.7257153
204,-88.5445293,47.1170498
205,-97.578348,35.3477533
206,-85.744674,38.312052
207,-76.2171,36.3046
208,-94.7823676,38.8760668
209,-86.683691,36.253248
210,-86.3669155,35.8486229
211,-73.1773152,44.0082595
212,-102.1059377,32.0287923
213,-96.489834,41.4374005
214,-89.5988199,40.7618796
215,-84.6772838,38.1445736
216,-87.681564,42.047294
217,-94.5740869,39.1854952
218,-98.5233501,33.8743771
219,-87.9993831,41.8280186
220,-112.1825154,33.6636524
221,-86.9090296,33.4807237
222,-77.8827983,34.2425274
223,-76.3551328,39.9980088
224,-82.2904086,36.3011698
225,-88.9742951,39.8424639
226,-122.1878385,37.7826845
227,-90.1782623,32.322401
228,-87.9079231,43.0309118
229,-87.9090839,43.0440459
230,-93.2746532,44.956828
231,-93.2979628,44.8648643
232,-93.503064,44.994248
233,-93.2977849,44.864902
234,-96.762332,46.865905
235,-93.9986131,44.1463506
236,-101.300639,48.245968
237,-73.9660197,40.6050608
238,-75.9733062,41.3443718
239,-90.3304648,32.334545
240,-88.794525,33.456642
241,-88.4187196,33.4947079
242,-90.3397718,33.5118304
243,-90.4621668,38.644288
244,-90.3359827,38.6272521
245,-94.4621993,37.0959575
246,-93.2806696,37.200566
247,-91.7755727,37.953451
248,-93.1914066,39.1083323
249,-94.7899854,39.7594306
250,-72.0941574,41.3281179
251,-73.6263933,40.6859799
252,-90.6386297,40.9135265
253,-74.0051928,40.2807168
254,-73.9008986,40.8635658
255,-111.049325,45.667548
256,-108.5218151,45.7966687
257,-109.6880953,48.5408648
258,-112.557698,46.0123464
259,-74.1985597,40.8644792
260,-121.8970109,36.5993006
261,-105.2413294,40.0196696
262,-87.915784,43.0247543
263,-82.297296,35.646076
264,-70.8760643,42.5501402
265,-75.1720053,39.9571923
266,-75.3812135,40.6308814
267,-83.4340472,38.1866733
268,-84.4138651,33.7459553
269,-84.411958,33.742784
270,-76.5843847,39.3437959
271,-96.3585355,42.4733866
272,-80.347003,33.938031
273,-75.6412775,42.8911782
274,-78.603312,40.4595885
275,-122.7767224,45.0574197
276,-83.02119,39.9563143
277,-72.5761394,42.2532535
278,-71.1931231,42.2938451
279,-97.410359,42.874457
280,-88.0301946,43.0717772
281,-91.6510391,42.0021111
282,-84.637835,39.095713
283,-74.0124836,41.5130521
284,-77.3514515,39.6815284
285,-77.3514515,39.6815284
286,-82.47349,40.3731566
287,-71.469627,42.9719706
288,-117.9874153,34.1426826
289,-75.5100675,40.597446
290,-122.5752727,45.527607
291,-88.3213825,36.6155773
292,-118.3376997,34.101311
293,-81.7377314,39.9970379
294,-105.2673905,40.0141679
295,-88.422389,43.081003
296,-106.5916331,35.1029628
297,-106.6535686,35.1997418
298,-93.2286086,44.8613669
299,-93.307507,45.067266
300,-104.790601,38.952149
301,-104.941022,39.6923
302,-103.079693,44.1405008
303,-94.360684,39.052663
304,-94.703919,38.941324
305,-103.250049,44.031279
306,-93.162656,45.009375
307,-103.266197,44.047582
308,-122.676561,45.501676
309,-84.4210995,38.0269388
310,-71.0300996,42.2987482
311,-87.624695,41.8800946
312,-117.1272507,32.8294811
313,-88.012996,41.86082
314,-108.1474931,35.6874308
315,-104.7513647,38.8158124
316,-94.565764,39.009203
317,-77.520027,43.1030175
318,-96.094447,41.121744
319,-96.04837,41.265533
320,-96.6472005,40.8385341
321,-76.7534802,39.387994
322,-75.4401153,39.8745018
323,-74.4493772,40.501368
324,-82.558703,27.384828
325,-71.8226523,43.177062
326,-71.086845,42.35188
327,-72.575089,44.2612
328,-71.4449609,41.7153093
329,-71.194381,42.3640827
330,-68.7921739,44.8274343
331,-71.066232,42.350988
332,-71.4589473,42.9929102
333,-123.1524596,44.0329337
334,-74.0874848,40.709673
335,-74.1793409,40.7423345
336,-105.2222552,35.5932406
337,-106.905611,34.065993
338,-106.7447566,32.2847481
339,-74.0061087,40.7184175
340,-76.756101,42.9114024
341,-73.51618,40.809367
342,-73.9403658,40.8049519
343,-73.6390431,40.7396585
344,-73.9825863,40.7696926
345,-74.006988,40.717982
346,-73.8097434,41.0852969
347,-73.9623988,40.7686795
348,-73.9964609,40.7295134
349,-81.6219227,34.2861075
350,-71.1428026,42.3312841
351,-97.378766,37.672247
352,-117.1534771,32.7133355
353,-79.0376672,43.1383605
354,-90.80144,29.794468
355,-71.9295592,42.0465278
356,-76.2695842,36.8467725
357,-79.7719046,36.0770077
358,-78.8978365,35.9749438
359,-78.6820946,35.7846633
360,-77.7742185,36.0186234
361,-88.1427779,41.7757375
362,-93.2609285,44.9688064
363,-96.8013927,46.8921783
364,-82.373666,35.067099
365,-87.710796,41.9746782
366,-122.3334235,47.6991867
367,-81.2450979,41.103177
368,-87.7182002,41.9805024
369,-77.797383,43.126134
370,-94.966185,35.9205888
371,-71.0891717,42.3398067
372,-111.6549649,35.1830854
373,-88.774069,41.934233
374,-84.4651644,39.0325249
375,-87.403445,46.557929
376,-106.08444,36.004057
377,-98.4844923,45.4510995
378,-90.8736669,46.5802698
379,-71.0787473,42.7634661
380,NA,NA
381,-123.0797508,44.0474169
382,-122.6041958,47.7109543
383,-86.475644,30.5394163
384,-122.614492,48.79461
385,-94.8838091,40.3519243
386,-116.5668828,43.5630615
387,-122.194796,47.658416
388,-96.0582598,42.9979484
389,-93.3113225,44.8507322
390,-85.5858926,44.765375
391,-98.668267,36.795935
392,-93.0974552,31.7489119
393,-87.675267,42.0564594
394,-80.1043933,26.715283
395,-84.2753654,43.6295958
396,-96.9673134,32.6073122
397,-72.6589372,44.1384348
398,-86.7385545,36.2432411
399,-81.5154967,41.5068501
400,-122.2844549,37.5170485
401,-76.6212684,39.3514341
402,-90.115606,29.958784
403,-80.2462665,26.078936
404,-73.9309763,41.0863519
405,-86.868342,35.920129
406,-94.9018774,47.4241899
407,-87.3519119,38.3401193
408,-83.2081921,42.6679384
409,-86.6536396,34.7560955
410,-82.2236001,41.293483
411,-98.503052,29.505955
412,-118.213238,34.127159
413,-102.24033,43.366053
414,-84.3328356,33.874923
415,-82.9046233,39.6120323
416,-82.9407447,39.9931411
417,-83.8297433,40.7672006
418,-84.0283463,40.7372754
419,-83.0309143,40.0141905
420,-82.5779306,40.7988911
421,-83.0915087,40.5803706
422,-82.44688,40.068706
423,-83.0019766,39.3293567
424,-80.9753648,40.0735781
425,-82.5863511,39.738496
426,-82.1013889,39.324358
427,-82.6662342,38.525202
428,-82.0304975,39.9607141
429,-81.5377271,39.3124569
430,-83.0680271,40.2967331
431,-73.8896389,41.269574
432,-96.932456,35.360452
433,-97.4686067,35.6108664
434,-97.5419736,35.4948254
435,-101.639955,36.593193
436,-96.0061204,36.1379354
437,-95.9403276,35.6270296
438,-97.0737222,36.1270236
439,-97.5819942,35.4751474
440,-95.9542064,36.7177528
441,-76.3067676,36.8855515
442,-84.9248939,42.4431108
443,-87.874161,41.155133
444,-122.6352127,47.575258
445,-95.955471,36.048042
446,-122.761921,45.511261
447,-122.6710932,45.5239642
448,-122.6859419,45.499045
449,-121.7862578,42.2560719
450,-123.2794442,44.5637806
451,-118.4174056,33.9563229
452,-95.2637339,38.6029423
453,-88.1151281,43.0296476
454,-95.2637339,38.6029423
455,-112.1129932,33.5721541
456,-82.9363279,40.1253397
457,-93.0526348,34.1250867
458,-89.994952,29.9120747
459,-91.110535,30.4001399
460,-98.542512,29.4256219
461,-94.5102892,37.1040654
462,-74.0048567,40.7111197
463,-117.873205,33.680036
464,-74.0066273,40.7089661
465,-117.1603535,32.7783631
466,-122.2598414,37.897627
467,-122.4417973,47.1464936
468,-122.6781517,45.5269699
469,-122.2629744,37.8767189
470,-118.2983531,34.0613217
471,-122.4394834,38.5698777
472,-123.1094807,45.5210162
473,-119.5805115,34.4214007
474,-72.9348621,41.3475259
475,-81.9932536,33.4695551
476,-80.0505476,26.7048569
477,-80.0862299,26.6129818
478,-90.574644,41.529679
479,-122.1874271,37.382454
480,-118.4907507,34.0096038
481,NA,NA
482,-96.8932883,32.8795697
483,-82.2158861,28.3786387
484,-96.7558857,32.6789702
485,-74.2530505,44.4374506
486,-83.8847513,39.7152917
487,-75.1662979,39.9454581
488,-123.4107632,48.1003007
489,-75.1631435,39.9556084
490,-76.3085333,40.0412591
491,-77.021041,41.234716
492,-76.6742824,40.2644671
493,-77.8599084,40.7982133
494,-75.110288,40.115494
495,-78.4094804,40.5407571
496,-80.2963833,40.6781967
497,-75.9741846,40.3597116
498,-75.4496758,39.9271084
499,-78.7511698,41.1272143
500,-79.9837141,42.1193083
501,-79.6586188,39.9461131
502,-75.522215,40.0522918
503,-79.827442,40.3448259
504,-76.744929,40.2042904
505,-76.0290881,40.9839465
506,-75.4027078,40.5591162
507,-77.5425957,39.8404827
508,-79.6973879,40.5512829
509,-76.167348,40.6393157
510,-80.5089586,41.2347939
511,-76.0121414,41.3080022
512,-75.6208369,41.4401197
513,-76.702947,39.9518241
514,-87.2013052,30.4809318
515,-84.8684553,35.162586
516,-118.7095814,34.0414045
517,-95.7321485,40.4747647
518,-80.2804584,35.4848823
519,-75.2165431,40.0051169
520,-75.1923958,40.0203182
521,-92.2829693,34.7371492
522,-73.990918,40.745
523,-118.567626,34.242026
524,-95.868199,36.167965
525,-83.5419975,34.5665363
526,-80.2501271,36.0879488
527,-74.5540177,40.5407915
528,-110.8919812,32.2227504
529,-71.157477,42.3199094
530,-122.7683098,45.3210827
531,-94.6997666,37.3910272
532,-79.9210192,40.4673533
533,-117.7047193,34.1046624
534,-104.854608,39.661048
535,-118.15005,34.081829
536,-117.5717219,34.0683861
537,-117.063475,32.763744
538,-95.9039853,36.109311
539,-73.8312597,40.7148207
540,-71.6882542,43.7595034
541,-117.2510209,32.7169871
542,-80.002001,40.438561
543,-85.1847494,32.8791226
544,-81.890036,27.990667
545,-117.7119921,34.0987395
546,-83.0185385,40.1200757
547,-71.3110243,42.3394321
548,-122.6842859,45.5117567
549,-73.081523,41.535424
550,-78.9816123,39.4385692
551,-95.9891363,30.0880412
552,-73.962537,40.6912807
553,-81.877559,34.465182
554,NA,NA
555,-98.4909356,45.4831267
556,-74.664025,40.344982
557,-74.6514481,40.3439888
558,-71.4381653,41.8440925
559,-87.4740349,41.5847625
560,-86.9211946,40.4237054
561,-87.4750581,41.5877606
562,-80.832967,35.1888373
563,NA,NA
564,-72.8934534,41.4189562
565,-74.3979701,40.5009857
566,-73.9638444,40.6187519
567,-74.072645,41.1142309
568,-73.9862007,40.6324927
569,-74.4987192,40.8054576
570,-73.9801563,40.6263448
571,NA,NA
572,-73.9569154,40.7043709
573,-81.483506,41.5934978
574,-73.8170636,40.7230084
575,-80.5506221,37.1382689
576,-74.1746234,41.0815079
577,-79.172197,37.436964
578,-77.4783518,37.7603794
579,-90.2485332,38.6531744
580,-82.197359,29.140038
581,-94.2067469,45.5481849
582,-96.848643,46.848301
583,-75.1493397,40.0876497
584,-122.6303724,45.4809782
585,-79.8977145,40.4474069
586,-76.193004,36.8020933
587,-71.3076196,42.3502721
588,-105.0306251,39.7891287
589,-84.55241,34.3188796
590,-96.653972,32.8606745
591,-157.8598718,21.3094329
592,-89.989384,35.0714062
593,-82.7577245,27.8921909
594,-72.6739222,41.7734042
595,-73.6788026,42.730172
596,-94.5569221,39.0066129
597,-71.461204,41.842207
598,-71.4074596,41.8259947
599,-89.9892872,35.1550839
600,-95.4018312,29.7173941
601,-85.274955,35.036346
602,-74.738187,40.279623
603,-82.547666,27.3602556
604,-88.8409595,43.8432217
605,-71.4546207,42.7380614
606,-80.0556669,37.2974291
607,-80.2119215,40.5215511
608,-87.6271937,41.8763084
609,-77.798531,43.12574
610,-83.1449135,42.6675213
611,-77.6705143,43.0861017
612,-89.0184645,42.2696337
613,-94.5727686,39.0310992
614,-108.5581514,45.7965967
615,-105.0699551,39.7433344
616,-71.2594597,41.6510618
617,-71.2619,41.650929
618,-95.639265,36.3192003
619,-81.348326,28.592242
620,-87.6251552,41.8760637
621,-87.8591752,42.2999837
622,-87.3234824,39.4830622
623,-75.3289496,40.0340798
624,-75.1189478,39.7098595
625,NA,NA
626,-89.4476005,34.7764601
627,-75.1224065,39.9481501
628,-74.4473991,40.5008186
629,-74.1753095,40.741187
630,-83.1104511,42.3747606
631,-88.0435001,42.9106236
632,-73.2429089,41.2222759
633,-83.9625431,43.5142012
634,-90.5807611,41.5404254
635,-71.5072307,42.9874723
636,-89.0073268,42.2697116
637,-87.6637856,41.9723174
638,-78.6201059,35.7856217
639,-85.2625455,37.7092007
640,-75.2564549,39.9916953
641,-94.151093,45.552525
642,-97.7538582,30.2297224
643,-89.5901983,40.7012608
644,-78.6390151,40.5066694
645,-77.511511,43.115372
646,-93.1890002,44.9456732
647,-71.162576,42.3439575
648,-81.6814699,29.6463426
649,-73.7946899,40.7215967
650,-90.1134631,30.5267764
651,-70.4828684,43.8267427
652,-73.9677729,40.690509
653,-75.2415142,39.994678
654,-87.155951,40.919613
655,-82.257251,28.335714
656,-90.2946942,38.7755442
657,-90.2338232,38.6354598
658,-94.5945983,39.0517215
659,-122.8152112,47.0406382
660,-122.1101353,37.8413472
661,-122.1101353,37.8413472
662,-91.6957884,44.0458786
663,-87.463832,39.505481
664,-86.810615,38.1659999
665,-73.1627561,44.4951628
666,-88.0663767,44.44485
667,-94.635737,38.931914
668,-74.0715029,40.7272231
669,-79.4003653,40.2914205
670,-80.125382,26.51699
671,-79.4010168,40.2933666
672,-73.8246986,40.9696337
673,-87.7161308,41.7068972
674,-80.2397989,36.0872891
675,-80.5710545,39.2889078
676,-70.890682,42.503103
677,-75.6039191,38.3449217
678,-114.111796,47.597485
679,-75.1290737,40.0861062
680,-71.2992732,41.4723849
681,-95.5468268,30.7138158
682,-86.794942,33.4640198
683,-122.266333,37.820291
684,-116.9777368,32.8429721
685,-117.0718893,32.7757217
686,-122.417167,37.803376
687,-122.4203844,37.7755592
688,-122.4782094,37.721897
689,-122.5649805,37.969617
690,-119.6976972,36.8246434
691,-121.8810715,37.3351874
692,-87.6344475,41.8822641
693,-93.163245,44.865086
694,-81.4022857,28.4711221
695,-82.504611,27.953211
696,-119.061241,35.359738
697,-120.433375,34.937793
698,-119.2265944,34.25788
699,-121.9389875,37.3496418
700,-82.4331235,29.6806195
701,-105.9775895,35.6569559
702,-73.8433974,40.9360524
703,-81.0939362,32.0729733
704,-81.0634775,32.0248033
705,-122.2722584,37.8045264
706,-82.75747,27.893924
707,-87.6249193,41.8802861
708,-71.0965537,42.3385227
709,-73.982227,40.738754
710,-99.130819,30.031826
711,-117.7102128,34.1039348
712,-122.3215842,47.6162684
713,-122.3232953,47.678146
714,-122.3615366,47.6495805
715,-122.3177135,47.6092282
716,-81.3054934,28.744246
717,-76.242808,36.776837
718,-74.2471001,40.743011
719,-79.5579127,40.3090134
720,-85.9208646,35.2050177
721,-73.7401548,40.6051718
722,-122.3142728,40.5657856
723,-78.6376573,35.7712425
724,-82.9940843,38.7308829
725,-78.1583388,39.1660159
726,-77.805377,39.431069
727,-81.9859468,35.0146754
728,-87.6273987,41.8323306
729,-77.5234365,40.0603939
730,-85.1965445,34.2575579
731,-73.7521951,42.718452
732,-84.0157096,41.9059214
733,-119.937574,39.244983
734,-87.7442676,44.0710708
735,-71.1006594,42.3390666
736,-93.563626,41.364988
737,-122.331991,40.614033
738,-100.6227345,43.2988898
739,-96.7358634,43.5254424
740,-72.5659205,42.8860292
741,-100.6747776,46.0854433
742,-122.3086072,48.4382193
743,-73.7841811,43.0972759
744,-79.9594482,37.3198242
745,-80.0411939,41.0628023
746,-72.6372341,42.3180957
747,-111.582928,39.36128
748,-122.108785,37.430285
749,-76.6006092,39.2941137
750,-122.6741812,38.3393866
751,-117.9587593,33.8482669
752,-80.855083,33.495362
753,-83.9252372,35.9572851
754,-82.5190149,35.5537399
755,-103.2054556,44.072561
756,-96.7817535,44.3176308
757,-81.5116924,27.5700134
758,-122.352932,47.5478284
759,-98.2532674,26.21648
760,-95.365083,29.7529299
761,-80.961983,34.098065
762,-86.216207,32.3427121
763,-81.105116,31.999172
764,-96.768102,32.8704957
765,-80.199881,26.6923823
766,-89.528531,37.314985
767,-89.1494751,31.7484043
768,-86.7493457,33.3786684
769,-90.4684852,30.515402
770,-96.3763534,34.0048309
771,-81.917928,28.029681
772,NA,NA
773,-93.2307113,33.2927582
774,-118.2328416,34.0443146
775,-117.9506562,33.8381321
776,-116.9053942,32.7997115
777,-117.982092,33.924395
778,-90.0201134,35.1382213
779,-72.9474624,41.3325655
780,-89.2179628,37.7136372
781,-89.9979453,38.7930978
782,-96.7845175,32.8412178
783,-97.6299563,35.5122757
784,-71.4531836,43.0407729
785,-122.695791,42.187129
786,-81.3997742,28.4485249
787,-91.1906861,30.5225869
788,-90.045116,30.026267
789,-91.1945424,30.5239287
790,-113.0712005,37.6764886
791,-73.2185286,42.8677544
792,-79.3504245,37.7401892
793,-82.7623707,34.72798
794,-106.5581283,35.145805
795,-105.1994558,40.069408
796,-105.949999,35.661874
797,-93.4061945,37.6011126
798,-111.89476,33.408393
799,-95.760266,44.4557766
800,-106.589153,35.088764
801,-110.9270913,32.2528178
802,-97.3264832,32.3962581
803,-96.8534963,32.4043575
804,-96.2857321,32.7353423
805,-97.6392096,35.5135916
806,-116.998081,32.640685
807,-118.288488,34.0614
808,-98.7077532,35.5352805
809,-97.6634638,30.6373253
810,-85.757292,38.2413466
811,-95.879233,36.17648
812,-84.4114395,33.7451812
813,-85.8195427,38.1764332
814,-87.624698,41.874039
815,-84.5549522,42.2064519
816,-88.1395942,30.6965686
817,-72.5565631,42.1022292
818,-2.7927522,56.3416934
819,-77.526367,43.1020484
820,-78.4845212,42.0799022
821,-93.182822,44.925308
822,-73.9922772,40.6933174
823,-76.491536,38.981963
824,-89.645343,39.8075989
825,-73.7946899,40.7215967
826,-75.1621818,44.5890632
827,-90.2608742,38.6366082
828,-96.4059056,42.5194911
829,-76.4290313,38.1909255
830,-98.5631452,29.4530328
831,-93.1828167,44.4617681
832,-82.729447,27.777655
833,-93.1914909,44.941751
834,-73.2016477,41.201956
835,-96.9542552,35.3676045
836,-76.491536,38.981963
837,-73.936432,41.042084
838,-122.169719,37.4274745
839,-122.2618588,37.8770151
840,-82.5896847,27.4378838
841,-74.085245,41.7385417
842,-94.6462581,31.6219236
843,-92.3214357,38.9515728
844,-98.2071638,38.2202739
845,-81.3033211,29.0354425
846,-74.0254858,40.7450787
847,-112.01153,41.23281
848,-90.2010965,38.6329709
849,-76.7012976,39.4216638
850,-87.5859218,33.1982647
851,-74.5323795,39.4941665
852,-71.0806276,42.0590153
853,-73.1233889,40.9123761
854,-77.2144096,38.9073558
855,-76.918072,38.8277382
856,-77.414748,38.959278
857,-71.0618449,42.3588616
858,-103.6500194,30.3634426
859,-85.6888698,38.2005446
860,-85.6724978,38.2119044
861,-73.8252496,42.6849434
862,-75.9697049,42.0893553
863,-79.3366789,42.4536987
864,-73.6977661,41.0466485
865,-78.8820665,42.9335922
866,-77.9507327,43.210018
867,-76.1973745,42.5918072
868,-77.8237029,42.796092
869,-73.5726634,40.7959845
870,-76.543438,43.450851
871,-73.4666928,44.6930943
872,-74.9761059,44.6643102
873,-74.498087,42.6725444
874,-76.1369148,43.0344612
875,-73.9823068,40.7542709
876,-77.7946533,42.2552377
877,-75.1838442,44.6033751
878,-74.9241128,42.2704551
879,-73.945734,40.6552459
880,-73.8054763,43.0778905
881,-75.2298915,43.1355755
882,-73.8011369,40.8091766
883,-75.065151,42.465096
884,-76.8746088,40.7975612
885,-75.3556483,39.9068405
886,-79.0828644,37.5576478
887,-76.1351158,43.0391534
888,-97.2015185,38.3482417
889,-86.1135613,33.4327519
890,-80.1361908,25.8123433
891,-74.2501954,40.2174168
892,-77.5756671,43.1472497
893,-73.9457818,40.6700908
894,-75.2480385,39.9882984
895,-98.2159029,32.2158978
896,NA,NA
897,-73.960553,40.8103207
898,-87.7174,41.975386
899,-75.1553506,39.9811932
900,-86.8259623,36.1682397
901,-85.5060124,36.1764653
902,-84.594427,35.445317
903,-99.434597,27.571351
904,-96.3364829,30.6187199
905,-95.910376,33.2410476
906,-97.3241433,27.7127448
907,-97.882467,27.525159
908,-94.1036158,33.4903659
909,-95.1497461,29.6640368
910,-97.362795,32.70953
911,-95.312516,32.374895
912,-97.785194,30.233133
913,-97.9849039,29.5735523
914,-95.3606121,29.7217625
915,-97.938351,29.888411
916,-101.8782822,33.5842591
917,-101.891768,33.5887351
918,-97.2794483,32.7332102
919,-97.1271034,33.2262879
920,-84.3553493,33.9360093
921,-118.3752539,34.1667164
922,-118.4519316,34.0190841
923,-117.9180354,33.6964184
924,-117.1553385,32.7783086
925,-122.413289,37.7805179
926,-80.9274711,35.181876
927,-84.4511388,39.2857013
928,-104.9857888,39.7355804
929,-80.1234659,26.1010797
930,-95.4456318,29.7302379
931,-115.0903077,36.0245098
932,-75.1680976,39.9511064
933,-112.1074104,33.5667827
934,-79.9996021,40.4371815
935,-122.6827061,45.5241192
936,-122.3491182,47.6122336
937,-77.0727745,38.8958239
938,-93.2766347,44.9757651
939,-76.659038,39.994466
940,-85.5046179,30.9626164
941,-71.0900107,42.3462021
942,-122.2306447,38.069706
943,-87.6337102,41.8881532
944,-84.5094933,39.1216311
945,-116.676876,43.653597
946,-74.7774394,40.2691421
947,-73.7811969,40.9016643
948,-73.7856653,42.6640994
949,-92.1050727,46.8152676
950,-73.78441,41.0336475
951,-81.9336187,40.8110501
952,-96.0827307,41.2910454
953,-77.1975794,40.1996213
954,-122.9766427,47.0718574
955,-74.0039926,40.7458439
956,-87.6381873,41.8883034
957,-88.0439964,42.0482211
958,-87.6284494,41.8777724
959,-73.9828286,40.7737587
960,-75.927453,39.808079
961,-118.5194272,34.3824353
1,-71.0864353,42.3408699
2,-71.1170392,42.3322364
3,-73.9971588,40.7355199
4,-75.2074417,39.9551353
5,-73.6942227,42.7272517
6,-122.350958,47.613461
7,-87.5391418,33.2140233
8,-83.6514235,41.0537471
9,-113.9852081,46.8600672
10,-112.64119,45.2081146
11,-82.4671717,27.9474881
12,-85.295563,35.0465321
13,-83.9294564,35.9544013
14,-88.8648062,36.3417954
15,-97.1140881,32.7311482
16,-97.7340567,30.2849185
17,-97.4921858,25.8995869
18,-96.7500993,32.9857619
19,-106.5046216,31.7708544
20,-98.6207675,29.5830244
21,-95.2414624,32.311834
22,-95.4028678,29.7029331
23,-98.5756525,29.5078202
24,-95.3966904,29.7071962
25,-94.7775825,29.3112504
26,-102.3234586,31.8884241
27,-98.1745111,26.3050556
28,-75.165566,39.945974
29,-82.560716,36.970591
30,-87.2185178,30.5491507
31,-122.2530919,37.8681446
32,-80.3839179,41.4119742
33,-119.0887955,34.4293241
34,-69.6635795,44.5248638
35,-74.768303,40.220262
36,-117.1543204,32.710317
37,-75.155896,39.948555
38,-84.5680762,39.0216667
39,-71.4843613,42.8066286
40,-83.9664593,30.8159882
41,-112.1809319,33.6208397
42,-83.1845635,41.1184446
43,-83.3562681,34.5943591
44,-73.9717967,40.6348389
45,-90.1607274,32.4048131
46,-73.9906533,40.7422475
47,-76.6091894,39.3937961
48,-84.4936217,38.0521497
49,-86.7532513,36.141863
50,-74.002035,40.739869
51,-85.0078726,41.6323886
52,-85.0078726,41.6323886
53,-81.7964312,30.3070492
54,-98.5182677,46.0005465
55,-87.7841447,41.6686186
56,-72.6905035,41.7470945
57,-82.6783121,28.1947855
58,-90.5688858,41.4849747
59,-80.2298476,40.5936775
60,-80.256636,26.0998375
61,-87.88075,42.1982366
62,-122.2075701,47.9803903
63,-82.940406,39.956559
64,-98.4830916,29.4625349
65,-78.8125247,42.8468361
66,-85.9572283,31.8018895
67,-83.7483104,34.5960323
68,-94.5752502,39.0844507
69,-92.5819458,40.1876254
70,-71.1190232,42.4074843
71,-90.1207279,29.9403477
72,-99.7502671,48.8839028
73,-82.7607956,36.1723296
74,-85.7072853,32.430678
75,-73.9245925,42.0026061
76,-73.9322622,42.8181817
77,-84.500025,39.126963
78,-77.4492905,37.5789301
79,-73.9618493,40.8114587
80,-88.858757,35.676598
81,-73.7625503,40.8129628
82,-87.9114913,30.6393329
83,-73.9624351,40.6995568
84,-84.2769719,39.8138492
85,-93.2259262,45.0582132
86,-100.760721,46.768766
87,-69.3341406,44.6032057
88,-78.7889697,43.0008093
89,-111.9759985,33.3777095
90,-81.5113386,41.076655
91,-86.8059187,33.5008055
92,-86.6396956,34.726523
93,-149.82643,61.18954
94,-147.8364611,64.8575556
95,-134.640283,58.384955
96,-118.1348613,34.6837863
97,-110.9501094,32.2318851
98,-94.1736551,36.0678324
99,-92.3393046,34.7222984
100,-91.8132323,33.5903826
101,-92.0186329,34.2403308
102,-92.3206356,34.7483781
103,-94.3743045,35.382099
104,-76.6168857,39.3061515
105,-73.1901534,41.1646751
106,-122.2585399,37.8718992
107,-121.7617125,38.5382322
108,-122.415848,37.7811559
109,-117.8442962,33.6404952
110,-118.4451811,34.068921
111,-117.3280644,33.9737055
112,-117.2340135,32.8800604
113,-122.4575489,37.7631333
114,-119.848947,34.4139629
115,-122.0608718,36.9913856
116,-92.4548131,35.0805994
117,-81.2000599,28.6024274
118,-93.7383705,38.758081
119,-97.471463,35.654866
120,-81.6165232,38.3328289
121,-87.5987133,41.7886079
122,-84.3998629,39.2329891
123,-84.1955973,39.0797116
124,-84.5149504,39.1329219
125,-105.2659417,40.007581
126,-104.7994959,38.8922437
127,-104.9998193,39.7468033
128,-72.2539805,41.8077414
129,-96.9193536,32.8455625
130,-84.1816922,39.739795
131,-75.7506114,39.6779504
132,-104.9618965,39.6766174
133,-83.140294,42.4170914
134,-90.694911,42.4957207
135,-87.5316879,37.9715703
136,-82.3549302,29.6436325
137,-83.3773221,33.9480053
138,-111.270432,47.4901619
139,-72.7138051,41.7986012
140,-155.0807536,19.6995703
141,-157.8171118,21.296939
142,-156.4781963,20.8906375
143,-158.0560649,21.3551879
144,-95.3422334,29.7199489
145,-95.0990951,29.5806694
146,-95.359598,29.766005
147,-96.9769675,28.8163686
148,-117.0126084,46.7288124
149,-87.6580882,41.8748397
150,-89.617913,39.729574
151,-88.2271615,40.1019523
152,-86.1347693,39.7096506
153,-91.5548998,41.6626963
154,-98.697826,46.9142579
155,-95.2557961,38.9543439
156,-84.5039697,38.0306511
157,-117.77177,34.1004522
158,-92.0191693,30.215342
159,-92.073415,32.528282
160,-85.7572649,38.2120342
161,-68.6667823,44.8999335
162,-69.7993345,44.3370555
163,-70.1473614,44.6663725
164,-68.5893022,47.2503932
165,-67.4570216,44.7096669
166,-68.018649,46.6694136
167,-100.7518172,46.723848
168,-97.4637293,31.0662328
169,-77.4742587,38.3021703
170,-75.6881771,38.2116345
171,-76.6245825,39.2879915
172,-76.7111956,39.2551135
173,-76.9425543,38.9869183
174,-76.847599,38.91265
175,-71.7610714,42.2772479
176,-72.5267121,42.3911569
177,-71.0376089,42.314455
178,-71.0061561,41.6292932
179,-71.3247292,42.6549033
180,-89.9375983,35.1192359
181,-80.2771253,25.7191685
182,-83.7382241,42.2780436
183,-83.2317025,42.3177305
184,-83.6882749,43.0193051
185,-96.6072394,47.7998548
186,-92.084549,46.817665
187,-95.9027875,45.5898184
188,-93.2277285,44.97399
189,-89.538443,34.3647324
190,-92.3277375,38.9403808
191,-94.5762895,39.0335737
192,-90.3085589,38.7116737
193,-88.12888,30.793249
194,-86.8664288,33.1076028
195,-78.0711372,35.2082274
196,-81.1127618,40.9041553
197,-99.0946682,40.7005905
198,-96.0107049,41.2582497
199,-95.9778714,41.2551186
200,-96.7004763,40.8201966
201,-115.1423749,36.107043
202,-119.816397,39.5441917
203,-70.3890932,43.458625
204,-71.4686876,42.9871109
205,-70.9370252,43.138948
206,-71.5451825,43.207412
207,-72.9616437,41.2907035
208,-106.6197812,35.0843187
209,-90.0665261,30.0282349
210,-87.6800019,34.8073641
211,-82.5672984,35.6167944
212,-79.0469134,35.9049122
213,-80.735164,35.3070929
214,-79.8098429,36.0674908
215,-79.2010053,34.6904889
216,-80.237011,36.076292
217,-77.8701266,34.22494
218,-97.0768014,47.922891
219,-81.5072314,30.2661204
220,-97.1525862,33.207488
221,-97.3688754,32.7500894
222,-104.6960383,40.4055121
223,-92.4630394,42.5137704
224,-84.1478831,40.7590451
225,-93.1687077,45.0354771
226,-86.2353388,41.7055716
227,-97.4955234,35.4817989
228,-97.4457137,35.2058936
229,-123.0726055,44.0448302
230,-75.1932137,39.9522188
231,-157.8635857,21.3080682
232,-94.6699131,39.245643
233,-88.042574,42.0576749
234,-76.8159326,39.1899944
235,-71.0325978,42.2274592
236,-106.5802775,35.1971044
237,-122.7452296,45.4240882
238,-111.9044773,40.6538014
239,-122.2463402,47.4683661
240,-88.0493097,43.1507073
241,-82.5207368,37.4791596
242,-78.6729991,41.9440303
243,-79.5340848,40.2759433
244,-78.8335379,40.2664152
245,-79.960835,40.4443533
246,-122.7275712,45.5732046
247,-122.4805604,47.2637821
248,-117.1632426,34.0630404
249,-71.5308537,41.4860647
250,-77.5409744,37.5758681
251,-82.3801907,38.8816719
252,-77.6260033,43.1305531
253,-85.175484,41.08669
254,-72.7296199,41.7809657
255,-94.9065328,39.2774058
256,-88.0002616,42.2806779
257,-117.1882064,32.771917
258,-122.450683,37.7766466
259,-97.9553357,35.0315041
260,-75.6566238,41.4058754
261,-96.7390169,43.5321764
262,-88.1788068,30.695442
263,-81.7668215,33.5734
264,-80.669148,32.4364815
265,-81.0274276,33.996112
266,-81.9699972,34.9956099
267,-96.925271,42.784118
268,-82.4138539,28.0587031
269,-118.285117,34.0223519
270,-87.6775931,37.9628514
271,-70.2752798,43.6621826
272,-89.3356963,31.3303296
273,-81.5500643,30.3254957
274,-88.0970978,41.5333799
275,-93.1914909,44.941751
276,-96.8400459,32.812123
277,-84.1622998,36.7363908
278,-98.4676217,29.4675939
279,-93.4662875,35.4758935
280,-121.3120225,37.9808152
281,-77.2376265,38.917372
282,-104.9960917,39.7484512
283,-75.208133,39.9465441
284,-103.1876096,32.7746836
285,-83.6140701,41.6580307
286,-95.9445808,36.1511173
287,-111.8421021,40.7649368
288,-75.544926,40.1165372
289,-73.1964637,44.4778528
290,-78.5079772,38.0335529
291,-122.1906495,47.7589
292,-122.3035199,47.6553351
293,-122.4376184,47.2445799
294,-88.1861763,32.5882577
295,-85.1027726,33.5735587
296,-122.523973,45.543336
297,-91.5060179,44.7969766
298,-87.9210697,44.5323636
299,-91.2309842,43.8178198
300,-89.4124875,43.076592
301,-87.8819686,43.078263
302,-88.550861,44.021364
303,-87.8554928,42.6462149
304,-90.4848931,42.7345332
305,-92.622867,44.854781
306,-89.5695074,44.5282438
307,-91.9276714,44.8695495
308,-92.0873409,46.7177047
309,-88.7440308,42.8360958
310,-105.5796706,41.3130972
311,-91.8006554,42.8356476
312,-72.2308205,43.6375997
313,-76.1396943,43.0425431
314,-83.7610779,40.0989554
315,-75.4558588,40.1915099
316,-81.4650273,41.4938332
317,-111.8097425,41.745161
318,-111.7151968,40.2788306
319,-75.2712226,43.095173
320,-83.289567,30.8477872
321,-81.4634245,28.5229956
322,-98.0039752,46.9184723
323,-87.0438894,41.4639394
324,-86.8026551,36.1447034
325,-87.6291633,41.8367719
326,-117.901352,33.6627731
327,-73.8973432,41.6860472
328,-90.311889,38.722005
329,-90.4175314,38.5213341
330,-73.8819209,40.7680336
331,-72.5210069,43.8213881
332,-72.604721,43.938717
333,-78.7973749,42.9127719
334,-75.3435797,40.0370556
335,-87.5210378,38.6883842
336,-86.8183387,33.4708224
337,-86.5910644,34.7034145
338,-77.4534286,37.5489872
339,-79.43946,37.788981
340,-80.4234167,37.2283843
341,-77.4198996,37.2364741
342,-77.4508354,37.5626655
343,-76.1867523,36.8711755
344,-91.2434935,43.8021099
345,-81.1300088,33.3072977
346,-86.9066552,40.0378111
347,-96.8190665,32.8007516
348,-74.090639,40.614688
349,-80.2763425,36.1352495
350,-93.2656945,44.9812864
351,-93.6399496,43.2633063
352,-118.390983,46.047471
353,-83.1471631,42.5738914
354,-81.368891,40.87407
355,-122.5931188,45.5061519
356,-81.5999129,27.8257091
357,-82.442286,35.611133
358,NA,NA
359,-90.6912387,42.4852811
360,-95.7010293,39.0335221
361,-120.7401386,47.7510741
362,-77.0010266,38.9863861
363,-79.4439855,37.7915066
364,-76.0692131,39.2180135
365,-117.1542121,46.7319225
366,-90.3107962,38.6487895
367,-86.8059696,36.1946449
368,-101.7311176,34.1872383
369,-97.0145104,42.2426999
370,-83.0665462,42.3591388
371,-80.18732,39.899094
372,-73.6434522,40.8831348
373,-81.5314695,27.8377618
374,-111.9449007,41.1926282
375,-90.3453509,38.5906019
376,-73.9547899,40.7649911
377,-86.826993,36.134994
378,-71.3059277,42.2935733
379,-76.6961515,42.742988
380,-71.0949124,42.3367417
381,-90.1596164,32.354824
382,-75.527717,39.163227
383,-77.7742185,36.0186234
384,-72.6569041,41.5566104
385,-75.5999933,39.9518653
386,-118.3994153,34.186836
387,-80.6000794,40.1642119
388,-101.9160086,34.9813815
389,-80.4381192,37.8040415
390,-81.7670809,38.3788356
391,-79.9559358,39.6361396
392,-81.505728,39.216755
393,-79.9572723,39.6533461
394,-81.3244921,38.179716
395,-80.2174929,38.9906163
396,-83.1843781,35.3089224
397,-73.4429598,41.3987993
398,-90.684401,40.476174
399,-111.96457,33.4032787
400,-86.4577506,36.9840067
401,-85.6102507,42.2837336
402,-84.554466,42.730934
403,-119.791009,39.1860227
404,-72.5213336,42.1161985
405,-108.2824915,32.7769863
406,-123.237926,44.8512854
407,-122.6056332,45.5121708
408,-117.761306,33.658196
409,-106.917765,38.547276
410,-86.1032901,42.7862714
411,-117.7454166,34.057971
412,-122.4873017,48.7335079
413,-72.7947404,42.1317462
414,-91.9545484,38.8500034
415,-75.175747,40.099232
416,-117.0460626,33.1216775
417,-119.6610313,34.4488434
418,-117.877607,33.808464
419,-104.822857,39.721309
420,-104.822857,39.721309
421,-88.040993,41.756133
422,-117.6516179,34.0880609
423,-118.2931958,34.0613935
424,-87.8386917,41.9861165
425,-87.5567239,41.599276
426,-118.290521,33.852026
427,NA,NA
428,-80.6907928,40.0679444
429,-71.106045,42.342212
430,-118.3306352,46.0705799
431,-118.0322842,33.9787932
432,-117.417754,47.753685
433,-97.2861564,37.7214716
434,-75.546148,39.817224
435,-76.8546308,40.3240816
436,-75.3557304,39.8640338
437,-83.878929,39.710638
438,-94.3751871,32.5384868
439,-75.888614,41.244314
440,-123.0318004,44.9371219
441,-89.2919512,31.3045999
442,-71.20325,42.2949598
443,-121.2922424,38.8204409
444,-94.412117,39.2473119
445,-93.138172,44.942012
446,-74.1981377,40.9460061
447,-78.637452,35.789286
448,-92.6476148,41.3089163
449,-91.9503866,38.860245
450,-90.9390498,36.1245861
451,-73.2030214,42.7128038
452,-86.8282162,35.9561462
453,-83.8181626,39.4447895
454,-75.5863,39.683014
455,NA,NA
456,-83.6507058,41.0524722
457,-80.4444971,34.9869013
458,-91.6432837,44.0473997
459,-80.2250731,36.0890268
460,-81.0316204,34.9395142
461,-88.0226923,43.0367864
462,-88.0267092,43.1053666
463,-83.8122462,39.934719
464,-81.9344902,34.9580657
465,-118.3412343,34.2070265
466,-71.806339,42.2746373
467,-71.8421708,42.2687385
468,-157.7547339,21.296391
469,-97.2474461,37.6823808
470,-84.5102022,40.5471196
471,-84.0635798,39.7814843
472,-84.4737725,39.1496287
473,-90.1069054,29.9648943
474,-120.526371,46.587262
475,-72.9223431,41.3163244
476,-73.960864,40.6239311
477,-74.0659979,41.115753
478,-73.9797696,40.6369334
479,-73.99248,40.62855
480,-83.2003565,42.4716248
481,-73.983281,40.624823
482,-73.9599279,40.7072262
483,-73.9110436,40.8967477
484,-118.3465859,34.0854371
485,-73.834282,40.703792
486,-74.0900461,41.1236163
487,-73.9290015,40.8507522
488,-73.984522,40.632537
489,-73.9696129,40.616199
490,-75.656096,41.394908
491,-74.0711226,41.1148055
492,-74.6199258,41.7305675
493,-118.442732,33.993304
494,-73.7967735,40.7016257
495,-76.7297252,39.9469518
496,-83.8471223,34.9331453
497,-80.6477,41.10626
498,-96.8231932,32.9280955
499,-73.751601,40.5968836
500,-82.3967314,40.3811358
501,-122.538407,45.4767614
502,-106.6873193,35.0877371
503,-80.802507,35.242862
504,-80.2109047,25.7945945
505,-80.4801011,35.6444311
506,-83.4468002,42.2930201
507,-77.1993391,38.7405289
508,-114.9382663,35.9832696
509,-85.7405569,38.2845996
510,-87.6853019,41.9072566
511,-110.884763,32.251534
512,-82.5795888,38.4261062
513,-93.1810083,45.0152928
514,-110.929208,32.264504
515,-81.438451,26.336502
516,-83.2031613,42.2745576
517,-98.5460996,29.3499665
518,-81.6016038,30.2899097
519,-92.4890469,34.5959265
520,-80.256248,36.146124
521,-86.4022535,35.8154391
522,-122.1506773,47.6888771
523,-94.2368474,36.214049
524,-80.4060754,37.1996973
525,-74.4333055,40.7765236
526,-84.3410622,30.4434838
527,-95.4486797,29.6735832
528,-77.051528,38.855817
529,-155.0759721,19.7102325
530,-83.118825,42.5516339
531,-77.4450799,38.8907887
532,-84.176506,34.042996
533,-83.121709,40.0315219
534,-118.1500287,34.1393538
535,-93.7608764,32.4807365
536,-76.9424903,38.8643121
537,-111.890657,40.766116
538,-111.9505774,41.1878563
539,-87.6255408,41.8865275
540,-97.4785616,35.339226
541,-117.7324641,33.5577455
542,-84.3178525,39.2887466
543,-86.0594471,39.8993779
544,-91.7148507,41.9409718
545,-93.4048065,44.9752072
546,-74.0332957,40.7268216
547,-74.1612996,41.3338123
548,-79.1515722,37.3952218
549,-87.6274302,41.8823524
550,-118.2894895,34.0649101
551,-95.5481525,29.7279889
552,-111.8927234,40.5278832
553,-118.3733014,33.9282006
554,-84.388009,33.7934119
555,-81.874798,28.810788
556,-80.3507887,25.9738677
557,-75.0602933,40.1348603
558,-93.2685987,44.9761068
559,-96.7516129,43.5079419
560,-92.6816104,39.1503076
561,-98.3742004,40.8895529
562,-111.973885,41.073367
563,-81.7061248,30.1888238
564,-122.2951051,37.8475599
565,-82.727329,27.894797
566,-86.6903498,36.1671862
567,-93.4033085,44.8609469
568,-94.4734134,39.0485762
569,-84.6115604,34.0466843
570,-81.5025445,41.4374607
571,-94.8520636,38.845412
572,-117.7235738,34.0929344
573,-118.3285297,34.0983007
574,-94.2335218,45.5495763
575,-118.1514863,34.1530544
576,-112.0686424,33.5235151
577,-115.0957411,36.022326
578,-122.2550038,47.450319
579,-85.1965445,34.2575579
580,-117.857653,33.6788293
581,-122.1784044,37.7335292
582,-86.2210583,39.9201152
583,-117.154931,32.776888
584,-120.4244095,37.3648025
585,-85.560491,38.224601
586,-84.2484028,33.8536325
587,-75.154316,40.099285
588,-72.9357982,41.3037027
589,-104.9017985,39.6563644
590,-74.2112833,40.0997674
591,-104.7580183,38.862334
592,-105.0801962,40.523018
593,-84.4874333,39.1035464
594,-74.152521,40.789665
595,-71.2636653,42.2931671
596,-76.8803276,40.2619506
597,-86.264909,39.926824
598,-92.8049482,45.3750817
599,-76.8127346,39.4298705
600,-92.4994479,44.0714409
601,-94.666619,39.251746
602,-76.246976,40.060351
603,-82.5003099,27.9822988
604,-85.17716,42.3348958
605,-73.9322622,42.8181817
606,-121.9969014,37.3864699
607,-73.4441765,41.0969447
608,-80.9551875,34.0997278
609,-118.082892,34.0454752
610,-84.3897356,33.7847086
611,-117.5783715,34.0663759
612,-86.635172,36.1544254
613,-117.1576277,32.7752592
614,-79.4134872,36.5776792
615,-97.3597164,32.7101378
616,-111.9815167,41.0686453
617,-83.0550938,42.3442184
618,-82.9011811,40.0843853
619,-86.594623,34.750345
620,-80.9210381,35.1820754
621,-119.7011363,36.8365117
622,-84.4311269,38.0086505
623,-83.689156,41.611158
624,-97.5449984,35.5218715
625,-83.8020197,42.9657034
626,-95.8397499,36.0979124
627,-72.7003114,40.8767575
628,-88.128874,41.653171
629,-115.0646044,36.0731616
630,-117.2708076,34.071991
631,-121.5178721,38.6218058
632,-79.9269533,32.781389
633,-111.8938314,40.534109
634,-86.6350883,36.1544895
635,-90.0493031,35.1445531
636,-77.2098099,38.8314331
637,-82.322021,29.650076
638,-104.8279703,41.1757065
639,-80.110629,26.395091
640,-84.405375,33.61233
641,-91.0250321,30.3664831
642,-85.2149825,35.0084093
643,-88.1198732,30.6680788
644,-86.2048324,41.7111894
645,-82.6458647,27.8606881
646,-97.3716028,37.6569375
647,-111.9908016,33.4806996
648,-106.412974,31.788283
649,-86.6834437,33.4173176
650,-81.493221,41.465956
651,-82.5626889,27.3916533
652,-82.6355143,27.7632277
653,-77.114408,38.881722
654,-82.362062,34.876487
655,-86.1578877,39.7835342
656,-92.4890469,34.5959265
657,-82.940418,39.940564
658,-79.938292,32.790198
659,-81.0469641,29.1890201
660,-85.8870335,41.6802901
661,-121.5209664,38.6553145
662,-81.0794192,34.0196237
663,-93.2977849,44.864902
664,-97.6962956,30.4380268
665,-88.080828,44.526363
666,-93.7935522,32.4031799
667,-98.5582727,29.518633
668,-87.0348999,32.4204999
669,-73.9953423,40.6344757
670,-83.4430791,42.4997798
671,-117.85163,33.766014
672,-81.7929875,26.2691471
673,-111.8938786,40.5342967
674,-112.0732125,33.448384
675,-111.7230042,40.3137173
676,-116.2951471,43.5908058
677,-95.8532648,36.0969068
678,-112.104513,33.565621
679,-80.3399,25.987458
680,-88.007669,41.833189
681,-80.8432871,35.2248164
682,-71.833405,43.315052
683,-87.6530263,30.3292553
684,-73.8629487,42.7054344
685,-111.844977,33.606281
686,-84.0054164,33.97908
687,-91.4279557,44.768252
688,-93.2724546,44.976026
689,-96.786631,43.499016
690,-83.6654131,41.6391957
691,-105.1394908,39.9872387
692,-80.7650073,35.3382656
693,-80.9210381,35.1820754
694,-93.7778291,41.6084957
695,-82.8693959,39.9342673
696,-122.0541859,37.9767672
697,-81.8098274,26.5455132
698,-80.025941,35.9813037
699,-86.7616403,34.6737969
700,-111.955054,33.3469545
701,-96.7229959,46.8486487
702,-97.251696,37.722544
703,-120.4558567,46.60281
704,-66.0560599,18.4222446
705,-81.2540823,28.5515773
706,-80.0925522,26.3035563
707,-117.9141837,33.6975491
708,-97.6751974,30.4789599
709,-121.9999242,37.3732937
710,-78.9054343,35.9918074
711,-94.7097296,38.9789699
712,-118.2572431,34.0479222
713,-74.01234,40.7066799
714,-92.4634778,44.0224899
715,-81.3148665,29.8632532
716,-90.3647884,38.8013305
717,-117.5898457,34.0666141
718,-117.968499,33.8489775
719,-73.9879366,40.6381228
720,-80.1803238,25.944818
721,-74.2131517,40.6826199
722,-118.2930519,34.0611973
723,-96.7539921,32.8944484
724,-75.3038108,40.2816397
725,-106.5267365,35.0796349
726,-82.3944456,34.853031
727,-112.1185684,33.6053981
728,-92.4890469,34.5959265
729,-82.568608,35.606772
730,-104.9946335,39.7530043
731,-91.1930309,43.8801312
732,-89.298644,43.145445
733,-89.527069,43.0877025
734,-83.0453352,39.8823453
735,-72.7077092,41.7698571
736,-87.857367,42.603661
737,-117.1813827,32.8164053
738,-81.624188,41.1342022
739,-104.8264294,39.6760713
740,-91.7137099,41.9409059
741,-117.5083308,33.8185553
742,-118.3954065,33.9819271
743,-83.2627573,42.3034796
744,-96.8781171,32.5914228
745,-82.4681125,36.415676
746,-114.9654825,36.007926
747,-87.3268278,41.4643189
748,-80.0273411,32.900493
749,-123.0340909,44.8855078
750,-84.2966033,30.4772938
751,-117.9424956,34.0683325
752,-81.6102291,30.3279923
753,-87.681564,42.047294
754,-93.5594832,45.3210393
755,-93.2878733,44.6918651
756,-157.8884942,21.3273892
757,-73.9640734,40.8110057
758,-118.1187737,34.172453
759,-81.353681,28.77693
760,-77.5997995,37.6471508
761,-86.7177003,33.4385738
762,-92.3960403,34.7473257
763,-75.6598939,39.686105
764,-82.5468519,27.9899274
765,-84.2756031,33.8743538
766,-75.0154686,39.9393354
767,-79.882725,36.0516874
768,-74.96305,40.1394005
769,-82.3579852,34.8564504
770,-86.7053156,36.1436429
771,-81.9288171,38.454005
772,-77.4300978,39.0354694
773,-117.8382883,33.6507795
774,-80.2045537,26.1462363
775,-82.0763962,33.4576928
776,-80.0248505,32.907006
777,-77.0304016,39.0424425
778,-149.1118058,61.5985208
779,-81.4022857,28.4711221
780,-104.8310514,39.6765847
781,-118.298958,34.061413
782,-122.7207466,38.3536853
783,-86.196199,41.678297
784,-111.8843684,40.7173872
785,-116.3599025,43.5899443
786,-98.5556614,29.4944096
787,-92.4890469,34.5959265
788,-92.4890469,34.5959265
789,-80.0158146,40.4844596
790,-78.939499,35.051371
791,-84.5156485,33.7228254
792,-90.4356665,38.7020448
793,-77.050469,38.851042
794,-112.1179708,33.5746851
795,-85.667043,42.961829
796,-96.7767961,32.7934834
797,-88.4829668,44.2629231
798,-87.997928,44.4553059
799,-89.6366916,44.8647168
800,-78.9612666,35.0588502
801,-88.1157335,43.0273101
802,-93.3016404,45.0671646
803,-122.2737973,37.8041369
804,-81.4203475,28.447197
805,-112.2657248,33.466437
806,-97.139027,31.512179
807,-81.785136,36.263095
808,-74.022446,40.17747
809,-80.352675,25.808175
810,-93.331404,44.865788
811,-87.6340437,41.8987661
812,-74.0160867,40.7053196
813,-95.588291,29.646284
814,-87.999848,41.8397294
815,-122.460159,48.007116
816,-85.0536022,35.4679156
817,-122.331176,47.600523
818,-111.6560271,40.2118564
819,-93.3057373,45.0649773
820,-78.74416,35.7454326
821,-85.7648298,38.2394955
822,-83.4573375,42.495516
823,-97.4381572,32.7349281
824,-76.1242874,36.8336112
825,-118.3000389,34.0613055
826,-90.1494395,32.3808297
827,-97.7398151,30.3713066
828,-98.5655379,29.5328352
829,-76.1317199,36.8424131
830,-87.9063946,43.0342974
831,-75.655996,41.413268
832,-122.2638822,38.0854301
833,-115.0240412,36.043217
834,-118.057715,33.808604
835,-121.961781,37.509105
836,-65.9840797,18.4146865
837,-66.0069038,18.2419299
838,-66.0614433,18.3870373
839,-90.104262,32.322446
840,-72.5676241,44.2551934
841,-80.9620698,34.0674816
842,-118.3756373,34.0646351
843,-82.0062679,37.2116346
844,-76.674343,39.3795046
845,-74.0284057,41.139178
846,-86.8285759,33.4679388
847,-97.63955,35.5610408
848,-95.561367,29.838261
849,-87.9177728,43.0973453
850,-73.9834425,40.7476446
851,-112.1044556,33.5659757
852,-122.4702842,37.7012034
853,-105.008897,39.919343
854,-80.3400587,25.9875588
855,-84.297234,33.775241
856,-88.0076967,41.8333151
857,-87.3256176,41.4740405
858,-83.2458583,42.4859915
859,-93.401949,44.976447
860,-94.5758612,38.9386307
861,-115.0958011,36.0199269
862,-74.4384369,40.466062
863,-80.931772,35.137834
864,-82.940357,39.940364
865,-97.5908508,35.5381628
866,-122.777678,45.511793
867,-75.1792689,40.1387387
868,-97.0123785,32.9341973
869,-77.050689,38.851401
870,-88.0076967,41.8333151
871,-87.94701,42.3759439
872,-84.2678376,33.9288674
873,-81.9898848,33.4709094
874,-71.0706403,42.3699207
875,-111.869942,40.684282
876,NA,NA
877,-84.7719109,33.7170495
878,-78.8803044,35.9753516
879,-76.7263709,39.1710758
880,-86.0444967,39.8033021
881,-78.7925475,33.775161
882,-80.085986,26.702196
883,-117.0823893,33.1208188
884,-80.2817404,26.0096214
885,-83.731788,32.80718
886,-95.967353,41.141562
887,-93.2858646,44.773678
888,-104.9600603,39.5672914
889,-104.7220761,38.8475793
890,-94.4025798,38.9196979
891,-96.6258324,32.8038524
892,-95.9054536,36.0468164
893,-81.3595081,28.7848254
894,-82.8545083,31.4977147
895,-83.9844416,34.5278618
896,-81.1710729,31.984274
897,-82.0060239,34.9361927
898,-74.268398,40.699141
899,-74.2020676,40.0659422
900,-97.1157093,32.8416495
901,-117.1666412,32.8352916
902,-117.118095,32.779234
903,-84.3520017,33.9119275
904,-0.142178,51.5218663
905,-76.6059509,39.3716517
906,-80.363942,25.585601
907,-117.9575835,33.8670164
908,-69.7895675,44.3406465
909,-117.298293,33.932844
910,-104.815115,39.563387
911,-73.9722921,40.7568561
912,-97.6899843,30.4794547
913,-81.496916,41.431421
914,-79.9634961,36.040387
915,-99.9018131,31.9685988
916,-90.4945581,38.7659602
917,-111.9660244,33.4020704
918,-92.3951741,34.7488293
919,-117.8845143,33.6849682
920,-104.8734018,39.5516076
921,-80.3422265,25.9866007
922,-84.3415462,33.9799868
923,-91.1503388,30.4222612
924,-83.2426684,42.4822738
925,-90.466801,38.75708
926,-115.3225695,36.1215445
927,-80.9492881,35.1523644
928,-97.5153578,35.5378166
929,-75.169542,39.9522251
930,-86.6905066,36.1445892
931,-95.5851562,29.7834493
932,-77.5634828,37.6425671
933,-79.8403386,36.0092565
934,-83.9308192,36.0297188
935,-95.9772234,36.0882052
936,-79.9425985,37.2575796
937,-96.8737468,32.8275321
938,-111.8698729,40.6847994
939,-117.941974,33.8420337
940,-80.3374936,25.7685487
941,-73.7436945,40.6004622
942,-79.40486,38.709433
943,-95.472396,30.2059552
944,-77.211133,38.833553
945,-94.6741085,38.9154952
946,-98.4079578,29.5175328
947,-94.748805,39.121915
948,-83.408288,42.3311151
949,-89.911568,35.0642235
950,-122.1833914,47.7665934
951,-97.814746,30.208472
952,-97.6930934,30.6292053
953,-86.222404,39.922013
954,-96.9782052,32.9922992
955,-92.4963041,44.063988
956,-90.644363,38.728889
957,-97.440965,37.7104476
958,-121.2888773,38.635983
959,-78.5142317,35.9808468
960,-87.6316716,41.8828273
961,-77.0653719,38.9439631
962,-77.5313695,38.2906194
963,-74.0685486,41.1247977