Year,State,Population,Violent crime total,Murder and nonnegligent Manslaughter,Legacy rape /1,Revised rape /2,Robbery,Aggravated assault,Property crime total,Burglary,Larceny-theft,Motor vehicle theft,total number 
2001,Alabama,4468912,19582,379,1369,0,5584,12250,173253,40642,119992,12619,385670
2001, Alaska,633630,3735,39,501,0,514,2681,23160,3847,16695,2618,26895
2001,Arizona,5306966,28675,400,1518,0,8868,17889,293874,54821,186850,52203,322549
2001,Arkansas,2694698,12190,148,892,0,2181,8969,99106,22196,69590,7320,111296
2001,California,34600463,212867,2206,9960,0,64614,136087,1134189,232273,697739,204177,1347056
2001, Colorado,4430989,15492,158,1930,0,3555,9849,170887,28533,121360,20994,186379
2001,Connecticut,3434602,11492,105,639,0,4183,6565,95299,17159,65762,12378,106791
2001,Delaware,796599,4868,23,420,0,1156,3269,27399,5144,19476,2779,32267
2001,Florida,16373330,130713,874,6641,0,32867,90331,782517,176052,516548,89917,913230
2001,Georgia,8405677,41671,598,2180,0,14402,24491,347872,71799,238484,37589,389543
2001,Hawaii,1227024,3117,32,409,0,1142,1534,62830,11162,44925,6743,65947
2001,Idaho,1320585,3211,30,425,0,245,2511,38181,7507,28285,2389,41392
2001,Illinois,12520227,79270,982,4010,0,24931,49347,434648,79158,306757,48733,513918
2001,Indiana,6126743,22734,413,1716,0,7171,13434,211548,42758,147291,21499,234282
2001,Iowa,2931967,7865,50,649,0,1154,6012,88634,16885,66244,5505,96499
2001,Kansas,2702125,10909,92,945,0,2423,7449,105537,20514,77038,7985,116446
2001,Kentucky,4068816,10510,181,1051,0,3269,6009,107356,26964,71448,8944,117866
2001,Louisiana,4470368,30678,501,1403,0,7864,20910,207693,46451,139555,21687,238371
2001,Maine,1284470,1435,19,326,0,264,826,33154,6898,24585,1671,34589
2001,Maryland,5386079,42088,446,1449,0,13525,26668,219512,41553,145934,32025,261600
2001,Massachusetts,6401164,30585,143,1856,0,6476,22110,167079,32430,106821,27828,197664
2001,Michigan,10006266,55424,672,5264,0,12937,36551,352353,72038,226708,53607,407777
2001,Minnesota,4984535,13145,119,2236,0,3758,7032,165046,25496,124519,15031,178191
2001,Mississippi,2859733,10006,282,1147,0,3294,5283,109609,29821,70315,9473,119615
2001,Missouri,5637309,30472,372,1383,0,7771,20946,238411,42977,167420,28014,268883
2001,Montana,905382,3187,34,188,0,230,2735,30175,3670,24684,1821,33362
2001,Nebraska,1720039,5214,43,431,0,1128,3612,68963,9760,52713,6490,74177
2001,Nevada,2097722,12359,180,883,0,4932,6364,77486,17711,45073,14702,89845
2001,New Hampshire,1259359,2144,17,458,0,445,1224,27089,4889,20060,2140,29233
2001,New Jersey,8511116,33094,336,1278,0,14110,17370,240551,46812,156031,37708,273645
2001,New Mexico,1830935,14288,99,850,0,2695,10644,83095,19552,56406,7137,97383
2001,New York,19084350,98022,960,3546,0,36555,56961,458003,80400,329316,48287,556025
2001,North Carolina,8206105,40465,505,2083,0,13304,24573,363777,101889,237241,24647,404242
2001,North Dakota,636550,505,7,164,0,60,274,14834,2165,11583,1086,15339
2001,Ohio,11389785,40023,452,4466,0,17199,17906,435115,96910,295976,42229,475138
2001,Oklahoma,3469577,17726,185,1486,0,2746,13309,141679,34573,94537,12569,159405
2001,Oregon,3473441,10650,84,1174,0,2749,6643,164524,26648,123034,14842,175174
2001,Pennsylvania,12303104,50432,651,3467,0,17500,28814,313408,54345,223350,35713,363840
2001,Rhode Island,1059659,3278,39,416,0,986,1837,35742,6824,23875,5043,39020
2001,South Carolina,4062125,33114,330,1769,0,5987,25028,186054,42611,126742,16701,219168
2001,South Dakota,758324,1171,7,351,0,103,710,16473,3087,12571,815,17644
2001,Tennessee,5749398,42776,423,2196,0,10219,29938,252992,59705,165015,28272,295768
2001,Texas,21370983,122155,1332,8169,0,35348,77306,976654,204362,669625,102667,1098809
2001,Utah,2278712,5314,67,896,0,1197,3154,90993,13804,70676,6513,96307
2001,Vermont,612978,644,7,107,0,107,423,16334,3150,12426,758,16978
2001,Virginia,7196750,20939,364,1770,0,6860,11945,207506,31604,157060,18842,228445
2001,Washington,5993390,21258,179,2600,0,5934,12545,287234,53024,195133,39077,308492
2001,West Virginia,1800975,5035,40,320,0,707,3968,41085,9601,28268,3216,46120
2001,Wisconsin,5405947,12486,192,1142,0,4444,6708,166924,26927,125275,14722,179410
2001,Wyoming,493754,1272,9,153,0,84,1026,16120,2481,12943,696,17392
2002,Alabama,4478896,19931,303,1664,0,5962,12002,180400,42578,123932,13890,400662
2002, Alaska,641482,3627,33,511,0,489,2594,24118,3908,17739,2471,27745
2002,Arizona,5441125,30171,387,1608,0,8000,20176,318296,59087,201541,57668,348467
2002,Arkansas,2706268,11501,142,754,0,2524,8081,101171,23229,71129,6813,112672
2002,California,35001986,208388,2395,10198,0,64968,130827,1176484,238428,715692,222364,1384872
2002, Colorado,4501051,15882,179,2066,0,3579,10058,180054,31678,125193,23183,195936
2002,Connecticut,3458587,10807,84,740,0,4069,5914,93426,17111,64735,11580,104233
2002,Delaware,805945,4836,26,358,0,1154,3298,26967,5355,18555,3057,31803
2002,Florida,16691701,128721,911,6753,0,32581,88476,777236,177242,511478,88516,905957
2002,Georgia,8544005,39271,606,2108,0,13432,23125,346559,73932,234591,38036,385830
2002,Hawaii,1240663,3262,24,372,0,1210,1656,71976,12722,49344,9910,75238
2002,Idaho,1343124,3419,36,497,0,240,2646,39128,7441,29060,2627,42547
2002,Illinois,12586447,75759,961,4370,0,25314,45114,430479,81440,304227,44812,506238
2002,Indiana,6156913,22001,362,1843,0,6612,13184,208965,42605,146073,20287,230966
2002,Iowa,2935840,8388,44,797,0,1169,6378,92877,18643,68411,5823,101265
2002,Kansas,2711769,10229,78,1035,0,2165,6951,100768,19679,73877,7212,110997
2002,Kentucky,4089822,11101,191,1087,0,3131,6692,108590,26891,72378,9321,119691
2002,Louisiana,4476192,29690,593,1529,0,7123,20445,198838,45350,133302,20186,228528
2002,Maine,1294894,1396,14,377,0,270,735,32985,6965,24591,1429,34381
2002,Maryland,5450525,42015,513,1370,0,13417,26715,217105,39765,143320,34020,259120
2002,Massachusetts,6421800,31137,173,1777,0,7169,22018,167753,33243,107922,26588,198890
2002,Michigan,10043221,54306,678,5364,0,11847,36417,335060,70970,214367,49723,389366
2002,Minnesota,5024791,13428,112,2273,0,3937,7106,164026,28034,122150,13842,177454
2002,Mississippi,2866733,9858,264,1127,0,3356,5111,109584,29593,70468,9523,119442
2002,Missouri,5669544,30557,331,1465,0,7024,21737,230520,42721,159921,27878,261077
2002,Montana,910372,3197,16,237,0,283,2661,28751,3289,23679,1783,31948
2002,Nebraska,1727564,5428,48,464,0,1359,3557,68178,10329,51440,6409,73606
2002,Nevada,2167455,13856,181,928,0,5118,7629,83896,18951,47459,17486,97752
2002,New Hampshire,1274405,2056,12,446,0,413,1185,26250,4838,19468,1944,28306
2002,New Jersey,8575252,32252,339,1365,0,13955,16593,227715,43899,148061,35755,259967
2002,New Mexico,1852044,13719,152,1027,0,2206,10334,80477,19634,53406,7437,94196
2002,New York,19134293,95030,909,3885,0,36653,53583,442091,76700,318025,47366,537121
2002,North Carolina,8305820,39118,548,2196,0,12205,24169,353708,99535,229307,24866,392826
2002,North Dakota,633911,496,5,163,0,58,270,14762,2243,11501,1018,15258
2002,Ohio,11408699,40128,526,4809,0,17871,16922,428976,99164,287045,42767,469104
2002,Oklahoma,3489700,17587,163,1573,0,2966,12885,148128,35171,100185,12772,165715
2002,Oregon,3520355,10298,72,1238,0,2742,6246,161145,25696,118925,16524,171443
2002,Pennsylvania,12328827,49578,624,3731,0,17163,28060,300868,55610,212441,32817,350446
2002,Rhode Island,1068326,3051,41,395,0,916,1699,35342,6415,24051,4876,38393
2002,South Carolina,4103770,33761,298,1959,0,5774,25730,183808,43745,123196,16867,217569
2002,South Dakota,760437,1350,11,361,0,117,861,15992,3034,12139,819,17342
2002,Tennessee,5789796,41562,420,2290,0,9413,29439,249399,61248,161610,26541,290961
2002,Texas,21736925,126018,1302,8508,0,37580,78628,1004274,212602,688992,102680,1130292
2002,Utah,2318789,5488,47,943,0,1140,3358,97641,15124,74795,7722,103129
2002,Vermont,616408,658,13,126,0,77,442,14942,3489,10684,769,15600
2002,Virginia,7287829,21256,388,1839,0,6961,12068,207783,31757,157548,18478,229039
2002,Washington,6067060,20964,184,2734,0,5797,12249,288967,54948,193526,40493,309931
2002,West Virginia,1804884,4221,57,328,0,657,3179,41099,9677,27524,3898,45320
2002,Wisconsin,5439692,12238,154,1237,0,4713,6134,164749,27926,123365,13458,176987
2002,Wyoming,498830,1364,15,148,0,93,1108,16494,2448,13303,743,17858
2003,Alabama,4503726,19331,299,1656,0,6038,11338,182241,43245,124039,14957,403144
2003, Alaska,648280,3877,39,605,0,446,2787,24386,3874,18051,2461,28263
2003,Arizona,5579222,28638,441,1856,0,7619,18722,314335,58613,198725,56997,342973
2003,Arkansas,2727774,12449,180,911,0,2227,9131,99084,25016,68061,6007,111533
2003,California,35462712,205551,2407,9994,0,63770,129380,1215086,242274,731486,241326,1420637
2003, Colorado,4547633,15757,185,1913,0,3738,9921,179706,32394,124496,22816,195463
2003,Connecticut,3486960,11045,112,698,0,4212,6023,92981,16043,65568,11370,104026
2003,Delaware,818166,5525,21,370,0,1441,3693,27943,6066,18933,2944,33468
2003,Florida,16999181,124280,924,6727,0,31523,85106,757696,170644,505489,81563,881976
2003,Georgia,8676460,39435,657,2234,0,14043,22501,369589,79001,247196,43392,409024
2003,Hawaii,1248755,3400,22,367,0,1168,1843,65867,11409,44807,9651,69267
2003,Idaho,1367034,3362,26,535,0,245,2556,40042,7837,29559,2646,43404
2003,Illinois,12649087,70376,895,4189,0,23786,41506,415885,78345,295907,41633,486261
2003,Indiana,6199571,21842,338,1720,0,6401,13383,208039,41582,145686,20771,229881
2003,Iowa,2941976,8175,50,796,0,1131,6198,87554,17515,64400,5639,95729
2003,Kansas,2724786,10831,125,1085,0,2247,7374,109276,21973,79471,7832,120107
2003,Kentucky,4118189,10232,181,1124,0,3224,5703,103370,26034,69083,8253,113602
2003,Louisiana,4493665,28622,584,1601,0,7008,19429,193698,44572,129471,19655,222320
2003,Maine,1309205,1422,16,354,0,289,763,32078,6579,24043,1456,33500
2003,Maryland,5512310,38778,525,1358,0,13302,23593,209418,38641,134372,36405,248196
2003,Massachusetts,6420357,30377,140,1848,0,8011,20378,164543,34963,104069,25511,194920
2003,Michigan,10082364,51550,612,5470,0,11254,34214,330565,68316,208538,53711,382115
2003,Minnesota,5064172,13316,127,2092,0,3906,7191,157663,27698,116216,13749,170979
2003,Mississippi,2882594,9336,267,1079,0,3016,4974,106867,29564,68307,8996,116203
2003,Missouri,5719204,28067,289,1400,0,6686,19692,233564,41997,161616,29951,261631
2003,Montana,918157,3351,30,246,0,298,2777,28428,3722,22800,1906,31779
2003,Nebraska,1737475,5105,56,504,0,1165,3380,65189,10133,48924,6132,70294
2003,Nevada,2242207,13813,197,871,0,5225,7520,96128,21958,53321,20849,109941
2003,New Hampshire,1288705,1937,17,438,0,480,1002,26456,4589,19934,1933,28393
2003,New Jersey,8642412,31488,406,1288,0,13342,16452,220350,43457,142287,34606,251838
2003,New Mexico,1878562,12535,116,940,0,1937,9542,76816,18997,50595,7224,89351
2003,New York,19212425,89486,934,3775,0,35790,48987,432079,75453,311422,45204,521565
2003,North Carolina,8421190,38243,506,2139,0,12229,23369,359660,100687,232081,26892,397903
2003,North Dakota,633400,508,9,160,0,53,286,13364,1959,10327,1078,13872
2003,Ohio,11437680,38185,526,4660,0,16895,16104,417483,95083,281383,41017,455668
2003,Oklahoma,3506469,17758,206,1501,0,3224,12827,151208,34846,103404,12958,168966
2003,Oregon,3564330,10506,68,1218,0,2847,6373,169863,28562,122327,18974,180369
2003,Pennsylvania,12370761,49210,647,3556,0,17980,27027,300639,53918,213279,33442,349849
2003,Rhode Island,1076084,3074,25,505,0,830,1714,32231,5524,22320,4387,35305
2003,South Carolina,4148744,33455,303,1952,0,5801,25399,187592,43993,127809,15790,221047
2003,South Dakota,764905,1329,10,356,0,104,859,15324,2878,11572,874,16653
2003,Tennessee,5845208,40409,396,2129,0,9413,28471,256565,63323,166769,26473,296974
2003,Texas,22103374,122246,1422,8025,0,37017,75782,1016735,219877,698644,98214,1138981
2003,Utah,2352119,5889,60,919,0,1258,3652,100084,16961,75321,7802,105973
2003,Vermont,619343,707,15,126,0,62,504,13803,3017,10132,654,14510
2003,Virginia,7365284,20490,416,1807,0,6713,11554,200449,29105,153367,17977,220939
2003,Washington,6131298,21272,182,2863,0,5718,12509,291542,58271,192653,40618,312814
2003,West Virginia,1811440,4627,73,311,0,701,3542,42370,10498,28409,3463,46997
2003,Wisconsin,5474290,12104,183,1202,0,4397,6322,157684,26546,118775,12363,169788
2003,Wyoming,502111,1314,14,136,0,84,1080,16648,2611,13239,798,17962
2004,Alabama,4525375,19324,254,1742,0,6042,11286,182340,44666,123650,14024,403328
2004, Alaska,657755,4159,37,558,0,447,3117,22172,3773,16159,2240,26331
2004,Arizona,5739879,28952,414,1896,0,7721,18921,291203,56885,179012,55306,320155
2004,Arkansas,2750000,13814,176,1183,0,2372,10083,110911,30151,74242,6518,124725
2004,California,35842038,189175,2392,9615,0,61768,115400,1227194,245903,728687,252604,1416369
2004, Colorado,4601821,17121,201,1945,0,3739,11236,180322,33010,123308,24004,197443
2004,Connecticut,3498966,10113,100,755,0,4188,5070,93942,15959,66770,11213,104055
2004,Delaware,830069,5105,28,357,0,1343,3377,27256,5669,19285,2302,32361
2004,Florida,17385430,123754,946,6612,0,29997,86199,727141,166332,482484,78325,850895
2004,Georgia,8918129,40217,613,2387,0,13656,23561,376656,82992,249426,44238,416873
2004,Hawaii,1262124,3213,33,333,0,944,1903,60525,10827,41078,8620,63738
2004,Idaho,1395140,3452,31,594,0,241,2586,38799,7671,28389,2739,42251
2004,Illinois,12712016,69365,780,4220,0,22582,41783,403486,76088,287025,40373,472851
2004,Indiana,6226537,20294,316,1803,0,6373,11802,211929,42168,148670,21091,232223
2004,Iowa,2952904,8499,44,782,0,1160,6513,85775,17928,62214,5633,94274
2004,Kansas,2733697,10330,122,1142,0,1812,7254,109771,20146,81115,8510,120101
2004,Kentucky,4141835,10152,236,1238,0,3268,5410,105209,25902,70535,8772,115361
2004,Louisiana,4506685,28844,574,1616,0,6564,20090,199153,45359,134080,19714,227997
2004,Maine,1314985,1364,18,315,0,289,742,31740,6341,24096,1303,33104
2004,Maryland,5561332,38961,521,1317,0,12772,24351,202474,36704,129888,35882,241435
2004,Massachusetts,6407382,29489,171,1794,0,7484,20040,158150,34497,101605,22048,187639
2004,Michigan,10104206,49737,643,5482,0,11336,32276,309805,64233,194988,50584,359542
2004,Minnesota,5096546,13751,113,2123,0,4070,7445,155019,28048,113453,13518,168770
2004,Mississippi,2900768,8568,227,1161,0,2503,4677,100980,27661,65440,7879,109548
2004,Missouri,5759532,28226,354,1479,0,6630,19763,224629,40472,158264,25893,252855
2004,Montana,926920,2723,30,273,0,233,2187,27215,3515,22082,1618,29938
2004,Nebraska,1747704,5393,40,620,0,1138,3595,61512,9826,46399,5287,66905
2004,Nevada,2332898,14379,172,954,0,4905,8348,98215,23142,52438,22635,112594
2004,New Hampshire,1299169,2202,17,466,0,500,1219,26658,4979,19723,1956,28860
2004,New Jersey,8685166,30943,392,1331,0,13076,16144,211313,41030,139977,30306,242256
2004,New Mexico,1903006,13081,169,1039,0,2062,9811,79895,19924,52069,7902,92976
2004,New York,19280727,84914,889,3608,0,33506,46911,422734,70696,311036,41002,507648
2004,North Carolina,8540468,38244,532,2339,0,11782,23591,355328,101193,227147,26988,393572
2004,North Dakota,636308,558,8,177,0,43,330,12493,2040,9516,937,13051
2004,Ohio,11450143,38787,506,4744,0,17429,16108,419337,96518,282168,40651,458124
2004,Oklahoma,3523546,17635,186,1557,0,3090,12802,149472,35244,101271,12957,167107
2004,Oregon,3591363,10724,90,1283,0,2751,6600,166475,30072,117868,18535,177199
2004,Pennsylvania,12394471,50998,650,3535,0,18474,28339,299611,54443,214199,30969,350609
2004,Rhode Island,1079916,2673,26,320,0,731,1596,31166,5465,21623,4078,33839
2004,South Carolina,4197892,33160,286,1772,0,5468,25634,190456,43739,130991,15726,223616
2004,South Dakota,770621,1319,17,336,0,112,854,14885,3148,10890,847,16204
2004,Tennessee,5893298,41113,357,2282,0,8863,29611,254991,60386,169828,24777,296104
2004,Texas,22471549,121554,1364,8388,0,35817,75985,1010702,220118,696507,94077,1132256
2004,Utah,2420708,5647,46,967,0,1236,3398,97762,15225,74889,7648,103409
2004,Vermont,621233,713,16,160,0,78,459,14559,3435,10537,587,15272
2004,Virginia,7481332,20608,390,1816,0,6899,11503,200368,28759,154154,17455,220976
2004,Washington,6207046,21330,190,2857,0,5866,12417,300837,60632,196972,43233,322167
2004,West Virginia,1812548,5110,68,346,0,774,3922,46326,10994,31566,3766,51436
2004,Wisconsin,5503533,11548,154,1136,0,4067,6191,146710,23854,111482,11374,158258
2004,Wyoming,505887,1163,11,112,0,67,973,16889,2738,13352,799,18052
2005,Alabama,4548327,19678,374,1564,0,6447,11293,177393,43473,120780,13140,394142
2005, Alaska,663253,4194,32,538,0,537,3087,23975,4131,17249,2595,28169
2005,Arizona,5953007,30478,445,2006,0,8579,19448,287345,56328,176112,54905,317823
2005,Arkansas,2775708,14670,189,1202,0,2532,10747,112914,30118,75510,7286,127584
2005,California,36154147,190178,2503,9392,0,63622,114661,1200531,250521,692467,257543,1390709
2005, Colorado,4663295,18498,173,2026,0,3948,12351,188449,34746,127602,26101,206947
2005,Connecticut,3500701,9542,105,712,0,3933,4792,90270,15245,64416,10609,99812
2005,Delaware,841741,5332,37,377,0,1306,3612,26245,5811,18085,2349,31577
2005,Florida,17768191,125957,883,6592,0,30141,88341,712998,164783,472912,75303,838955
2005,Georgia,9132553,40725,564,2143,0,14041,23977,378534,84463,249594,44477,419259
2005,Hawaii,1273278,3253,24,343,0,1001,1885,61115,9792,42188,9135,64368
2005,Idaho,1429367,3670,35,577,0,266,2792,38556,8066,27606,2884,42226
2005,Illinois,12765427,70496,770,4313,0,23255,42158,394670,77635,277662,39373,465166
2005,Indiana,6266019,20302,356,1856,0,6809,11281,216778,43756,151278,21744,237080
2005,Iowa,2965524,8697,40,847,0,1153,6657,84370,18147,60723,5500,93067
2005,Kansas,2748172,10701,101,1098,0,1795,7707,104588,19028,76222,9338,115289
2005,Kentucky,4172608,11134,190,1421,0,3690,5833,105608,26458,70354,8796,116742
2005,Louisiana,4507331,26889,450,1421,0,5337,19681,166611,39382,112840,14389,193500
2005,Maine,1318220,1483,19,326,0,323,815,31889,6323,24218,1348,33372
2005,Maryland,5589599,39369,552,1266,0,14378,23173,198483,35922,128491,34070,237852
2005,Massachusetts,6433367,29644,178,1751,0,7837,19878,151727,34728,98079,18920,181371
2005,Michigan,10100833,55936,629,5199,0,13348,36760,312892,70527,194090,48275,368828
2005,Minnesota,5126739,15243,115,2258,0,4724,8146,158301,29716,114304,14281,173544
2005,Mississippi,2908496,8131,214,1147,0,2405,4365,95231,26866,60873,7492,103362
2005,Missouri,5797703,30477,402,1625,0,7196,21254,227809,42822,159288,25699,258286
2005,Montana,934737,2634,18,301,0,177,2138,29407,3642,23794,1971,32041
2005,Nebraska,1758163,5052,44,581,0,1040,3387,60348,9408,45359,5581,65400
2005,Nevada,2412301,14654,206,1016,0,4702,8730,102424,23481,52012,26931,117078
2005,New Hampshire,1306819,1761,19,406,0,365,971,24031,4192,18493,1346,25792
2005,New Jersey,8703150,30919,417,1208,0,13215,16079,203391,38980,136728,27683,234310
2005,New Mexico,1925985,12448,144,1041,0,1893,9370,79575,20939,50707,7929,92023
2005,New York,19315721,85839,874,3636,0,35179,46150,405990,68034,302220,35736,491829
2005,North Carolina,8672459,40650,585,2302,0,12635,25128,353855,104298,221091,28466,394505
2005,North Dakota,634605,706,12,180,0,54,460,12848,2043,9732,1073,13554
2005,Ohio,11470685,40162,590,4671,0,18673,16228,420705,100183,279051,41471,460867
2005,Oklahoma,3543442,18044,187,1481,0,3230,13146,143406,35692,93814,13900,161450
2005,Oregon,3638871,10444,80,1266,0,2478,6620,160199,27621,113316,19262,170643
2005,Pennsylvania,12405348,52761,756,3586,0,19214,29205,300444,56134,214916,29394,353205
2005,Rhode Island,1073579,2710,34,323,0,776,1577,29287,5319,19567,4401,31997
2005,South Carolina,4246933,32590,314,1862,0,5657,24757,185606,42741,126489,16376,218196
2005,South Dakota,774883,1387,18,377,0,145,847,13694,2505,10350,839,15081
2005,Tennessee,5955745,45104,431,2194,0,10009,32470,256093,61508,169357,25228,301197
2005,Texas,22928508,121091,1407,8511,0,35790,75383,990293,219828,677042,93423,1111384
2005,Utah,2490334,5612,56,920,0,1095,3541,95546,14971,72082,8493,101158
2005,Vermont,622387,782,8,153,0,76,545,14749,3185,10894,670,15531
2005,Virginia,7564327,21434,458,1763,0,7495,11718,200404,29829,154584,15991,221838
2005,Washington,6291899,21745,205,2811,0,5788,12941,307661,60343,198031,49287,329406
2005,West Virginia,1814083,4968,82,335,0,816,3735,47757,11334,32603,3820,52725
2005,Wisconsin,5527644,13367,206,1135,0,4555,7471,147556,24448,110531,12577,160923
2005,Wyoming,508798,1172,14,122,0,78,958,16070,2426,12905,739,17242
2006,Alabama,4599030,19553,382,1646,0,7062,10463,181249,44780,121451,15018,401604
2006, Alaska,670053,4610,36,512,0,600,3462,23975,4155,17284,2536,28585
2006,Arizona,6166318,33456,533,2449,0,9491,20983,294389,59418,178321,56650,327845
2006,Arkansas,2810872,15538,205,1325,0,2749,11259,112025,31864,72646,7515,127563
2006,California,36457549,194483,2486,9235,0,71142,111620,1159988,247230,669103,243655,1354471
2006, Colorado,4753377,18794,171,2158,0,3824,12641,163439,32411,110372,20656,182233
2006,Connecticut,3504809,10505,137,696,0,4460,5212,90638,15583,64765,10290,101143
2006,Delaware,853476,5983,42,417,0,1791,3733,29670,6337,20449,2884,35653
2006,Florida,18089888,129602,1129,6475,0,34147,87851,721101,170873,473774,76454,850703
2006,Georgia,9363941,44754,605,2169,0,15511,26469,362712,85140,234445,43127,407466
2006,Hawaii,1285498,3608,21,353,0,1144,2090,54247,8724,37784,7739,57855
2006,Idaho,1466465,3666,35,611,0,294,2726,35135,7545,25154,2436,38801
2006,Illinois,12831970,69498,780,4078,0,23782,40858,387478,77259,272578,37641,456976
2006,Indiana,6313520,20303,361,1811,0,7175,10956,217783,45538,150655,21590,238086
2006,Iowa,2982085,8521,55,871,0,1309,6286,84202,18160,60998,5044,92723
2006,Kansas,2764075,11960,125,1279,0,1878,8678,104260,20086,75450,8724,116220
2006,Kentucky,4206074,11361,173,1312,0,3850,6026,109428,27867,72197,9364,120789
2006,Louisiana,4287768,30923,555,1587,0,5928,22853,174975,46703,112605,15667,205898
2006,Maine,1321574,1533,23,341,0,383,786,33658,6846,25465,1347,35191
2006,Maryland,5615727,38111,546,1178,0,14376,22011,195484,37459,127502,30523,233595
2006,Massachusetts,6437193,32217,188,1771,0,8080,22178,153943,35243,100725,17975,186160
2006,Michigan,10095643,56981,721,5347,0,14229,36684,325594,76313,199183,50098,382575
2006,Minnesota,5167101,16042,126,1645,0,5441,8830,159276,30306,115693,13277,175318
2006,Mississippi,2910540,9076,231,1039,0,3259,4547,92853,27117,57406,8330,101929
2006,Missouri,5842713,31897,369,1764,0,7597,22167,224007,44734,153874,25399,255904
2006,Montana,944632,3564,33,348,0,233,2950,26986,3380,21659,1947,30550
2006,Nebraska,1768331,5197,51,577,0,1136,3433,59411,9535,44710,5166,64608
2006,Nevada,2495529,18687,226,1092,0,7038,10331,102338,24902,50429,27007,121025
2006,New Hampshire,1314895,1785,13,295,0,435,1042,26060,4395,20179,1486,27845
2006,New Jersey,8724560,30550,427,1201,0,13360,15562,198820,39384,134687,24749,229370
2006,New Mexico,1954599,12797,134,1073,0,2095,9495,76000,20906,45864,9230,88797
2006,New York,19306183,84016,922,3168,0,34459,45467,398577,68617,297827,32133,482593
2006,North Carolina,8856505,42088,539,2495,0,13468,25586,364549,107333,227114,30102,406637
2006,North Dakota,635867,1255,14,241,0,75,925,13359,2601,9672,1086,14614
2006,Ohio,11478006,41491,560,4770,0,19418,16743,423334,105639,279718,37977,464825
2006,Oklahoma,3579212,17905,210,1488,0,3145,13062,129728,34437,81853,13438,147633
2006,Oregon,3700758,10534,88,1219,0,2711,6516,137858,24324,98897,14637,148392
2006,Pennsylvania,12440621,55028,741,3611,0,21095,29581,304589,57739,217142,29708,359617
2006,Rhode Island,1067610,2460,27,289,0,740,1404,27914,5453,18852,3609,30374
2006,South Carolina,4321249,33322,362,1834,0,5902,25224,184712,42952,125075,16685,218034
2006,South Dakota,781919,2071,30,465,0,158,1418,13812,3024,9954,834,15883
2006,Tennessee,6038803,46043,419,2194,0,11143,32287,249860,63024,164183,22653,295903
2006,Texas,23507783,121602,1386,8429,0,37256,74531,959846,215710,648711,95425,1081448
2006,Utah,2550063,5771,51,891,0,1242,3587,89572,14721,66480,8371,95343
2006,Vermont,623908,905,14,173,0,114,604,14920,3443,10857,620,15825
2006,Virginia,7642884,21683,403,1829,0,7779,11672,190257,32166,143292,14799,211940
2006,Washington,6395798,22303,197,2748,0,6424,12934,288456,58843,183179,46434,310759
2006,West Virginia,1818470,5113,80,404,0,853,3776,47941,11579,32305,4057,53054
2006,Wisconsin,5556506,15899,165,1233,0,5564,8937,156748,27038,115682,14028,172647
2006,Wyoming,515004,1307,13,151,0,72,1071,15381,2322,12255,804,16688
2007,Alabama,4627851,20775,412,1548,0,7398,11417,184082,45379,124465,14238,409714
2007, Alaska,683478,4520,43,545,0,581,3351,23096,3734,16929,2433,27616
2007,Arizona,6338755,32835,548,2353,0,9764,20170,287308,59988,177076,50244,320143
2007,Arkansas,2834797,15226,198,1294,0,3105,10629,112130,32035,73096,6999,127356
2007,California,36553215,191561,2262,9046,0,70706,109547,1112510,237850,654526,220134,1304071
2007, Colorado,4861515,17101,155,2075,0,3461,11410,145808,28633,100519,16656,162909
2007,Connecticut,3502309,10547,113,690,0,4303,5441,86528,15640,60937,9951,97075
2007,Delaware,864764,6100,39,341,0,1763,3957,29216,6420,20454,2342,35316
2007,Florida,18251243,131878,1202,6149,0,38155,86372,746249,181836,490783,73630,878127
2007,Georgia,9544750,46917,720,2198,0,17291,26708,371248,90294,238436,42518,418165
2007,Hawaii,1283388,3544,24,377,0,1122,2021,52866,9089,37494,6283,56410
2007,Idaho,1499402,3841,49,607,0,243,2942,34124,7131,24727,2266,37965
2007,Illinois,12852548,68528,752,4103,0,23100,40573,377322,75524,267911,33887,445850
2007,Indiana,6345289,21310,350,1738,0,7845,11377,213887,46485,147999,19403,235197
2007,Iowa,2988046,8970,39,970,0,1328,6633,79133,17176,57018,4939,88103
2007,Kansas,2775997,12730,106,1287,0,2022,9315,102961,20461,73900,8600,115691
2007,Kentucky,4241474,12329,206,1365,0,4068,6690,107987,27820,71489,8678,120316
2007,Louisiana,4293204,31789,625,1427,0,6316,23421,180516,46932,118291,15293,212305
2007,Maine,1317207,1565,20,392,0,349,804,32249,6745,24228,1276,33814
2007,Maryland,5618344,36063,554,1179,0,13258,21072,192796,37095,127308,28393,228859
2007,Massachusetts,6449755,28487,187,1643,0,7021,19636,154743,35767,103925,15051,183230
2007,Michigan,10071822,53765,661,4592,0,13365,35147,308550,75273,191289,41988,362315
2007,Minnesota,5197621,15054,116,1873,0,4770,8295,158257,29717,115892,12648,173311
2007,Mississippi,2918785,8502,202,1033,0,2896,4371,90887,27223,56473,7191,99389
2007,Missouri,5878415,32962,367,1785,0,7728,23082,225113,44897,156319,23897,258075
2007,Montana,957861,3638,27,363,0,233,3015,27837,3476,22315,2046,31475
2007,Nebraska,1774571,5524,71,550,0,1115,3788,55765,9035,41484,5246,61289
2007,Nevada,2565382,19365,193,1096,0,6938,11138,97118,24911,49844,22363,116483
2007,New Hampshire,1315828,1896,12,357,0,451,1076,26394,5074,19909,1411,28290
2007,New Jersey,8685920,28544,381,1032,0,12567,14564,192338,37234,133145,21959,220882
2007,New Mexico,1969915,13311,183,1028,0,2323,9777,75168,20823,45442,8903,88479
2007,New York,19297729,79962,805,2928,0,31085,45144,383624,64914,290681,28029,463586
2007,North Carolina,9061032,42231,584,2386,0,13534,25727,369893,108700,233241,27952,412124
2007,North Dakota,639715,1343,17,252,0,75,999,12796,2314,9500,982,14139
2007,Ohio,11466917,40759,529,4661,0,18351,17218,397681,99049,264677,33955,438440
2007,Oklahoma,3617316,18234,224,1565,0,3392,13053,128714,34367,80747,13600,146948
2007,Oregon,3747455,11015,76,1276,0,2864,6799,132773,22979,95157,14637,143788
2007,Pennsylvania,12432792,51806,725,3443,0,19440,28198,293850,56091,211248,26511,345656
2007,Rhode Island,1057832,2424,19,258,0,760,1387,27576,5206,19175,3195,30000
2007,South Carolina,4407709,34630,364,1773,0,6354,26139,189304,45398,126802,17104,223934
2007,South Dakota,796214,1926,31,433,0,118,1344,13829,2647,10398,784,15755
2007,Tennessee,6156719,46482,405,2201,0,11033,32843,252342,61817,168807,21718,298824
2007,Texas,23904380,122014,1419,8460,0,38778,73357,985421,228320,663101,94000,1107435
2007,Utah,2645330,6347,59,935,0,1425,3928,93082,15594,68573,8915,99429
2007,Vermont,621254,802,13,128,0,79,582,14702,3200,10853,649,15504
2007,Virginia,7712091,21035,415,1793,0,7696,11131,191763,32028,145634,14101,212798
2007,Washington,6468424,21768,174,2653,0,6079,12862,261776,52874,170782,38120,283544
2007,West Virginia,1812035,5016,65,388,0,847,3716,45620,10822,31321,3477,50636
2007,Wisconsin,5601640,16330,185,1227,0,5480,9438,159305,27890,117957,13458,175635
2007,Wyoming,522830,1344,21,172,0,84,1067,15053,2365,11875,813,16397
2008,Alabama,4661900,21110,351,1618,0,7346,11795,190416,50411,126539,13466,423052
2008, Alaska,686293,4475,27,447,0,645,3356,20090,3237,15225,1628,24565
2008,Arizona,6500180,31567,462,2200,0,9809,19096,266653,58606,169460,38587,298220
2008,Arkansas,2855390,14649,165,1463,0,2777,10244,110360,33912,69905,6543,125009
2008,California,36756666,185329,2142,8903,0,69388,104896,1080996,237811,650656,192529,1266325
2008, Colorado,4939456,17480,165,2151,0,3404,11760,139340,28054,97937,13349,156820
2008,Connecticut,3501252,10737,132,680,0,4043,5882,87210,15107,63212,8891,97947
2008,Delaware,873092,6187,57,371,0,1847,3912,31385,6783,22045,2557,37572
2008,Florida,18328340,126256,1168,5972,0,36268,82848,758889,188472,506902,63515,885145
2008,Georgia,9685744,47353,640,2334,0,17808,26571,387917,100564,247709,39644,435270
2008,Hawaii,1288198,3510,26,363,0,1085,2036,45944,9404,31424,5116,49454
2008,Idaho,1523816,3680,23,579,0,239,2839,31940,6748,23532,1660,35620
2008,Illinois,12901563,67780,790,4118,0,24054,38818,378355,78968,266815,32572,446135
2008,Indiana,6376792,21525,322,1711,0,7580,11912,213639,48805,147334,17500,235164
2008,Iowa,3002555,8651,77,937,0,1249,6388,73273,16598,52299,4376,81924
2008,Kansas,2802134,11554,113,1226,0,1681,8534,94882,19651,67826,7405,106436
2008,Kentucky,4269245,12690,201,1457,0,4080,6952,114492,29556,77279,7657,127182
2008,Louisiana,4410796,29613,544,1250,0,6241,21578,171179,45524,112091,13564,200792
2008,Maine,1316456,1572,31,379,0,333,829,32433,6559,24695,1179,34005
2008,Maryland,5633597,35393,493,1127,0,13203,20570,198165,38849,133983,25333,233558
2008,Massachusetts,6497967,30137,166,1751,0,7077,21143,155919,36251,106913,12755,186056
2008,Michigan,10003422,51512,554,4507,0,13246,33205,295100,74787,184558,35755,346612
2008,Minnesota,5220393,13853,110,1805,0,4179,7759,149517,26558,112764,10195,163370
2008,Mississippi,2938618,8942,236,958,0,3079,4669,85488,25506,53730,6252,94430
2008,Missouri,5911605,29701,456,1612,0,7395,20238,216522,45763,150002,20757,246223
2008,Montana,967440,3013,40,358,0,204,2411,26300,3689,20834,1777,29313
2008,Nebraska,1783432,5570,69,601,0,1297,3603,51350,8731,38394,4225,56920
2008,Nevada,2600167,18973,165,1106,0,6486,11216,90006,24254,49814,15938,108979
2008,New Hampshire,1315809,2054,14,385,0,421,1234,28387,4266,22714,1407,30441
2008,New Jersey,8682661,28351,376,1122,0,12701,14152,199127,40402,138545,20180,227478
2008,New Mexico,1984356,12967,161,1118,0,2151,9537,75718,20706,46995,8017,88685
2008,New York,19490297,77546,836,2798,0,31787,42125,388599,65544,297962,25093,466145
2008,North Carolina,9222414,43125,599,2296,0,14323,25907,372763,111556,234480,26727,415888
2008,North Dakota,641481,1441,11,331,0,73,1026,13029,2336,9782,911,14470
2008,Ohio,11485910,40436,547,4531,0,18706,16652,391667,102428,260788,28451,432103
2008,Oklahoma,3642361,19359,215,1471,0,3698,13975,126535,35247,80265,11023,145894
2008,Oregon,3790060,9909,87,1183,0,2656,5983,125169,21115,92677,11377,135078
2008,Pennsylvania,12448279,51044,705,3485,0,18873,27981,300294,58687,219115,22492,351338
2008,Rhode Island,1050788,2656,31,282,0,880,1463,29895,5766,20926,3203,32551
2008,South Carolina,4479800,32746,307,1686,0,6595,24158,189950,45964,126316,17670,222696
2008,South Dakota,804194,2227,37,562,0,134,1494,13867,2683,10266,918,16094
2008,Tennessee,6214888,44913,412,2078,0,10804,31619,251089,65093,166793,19203,296002
2008,Texas,24326974,123585,1370,8055,0,37739,76421,969865,230046,654435,85384,1093450
2008,Utah,2736424,6165,41,915,0,1421,3788,92373,14766,70299,7308,98538
2008,Vermont,621270,854,17,133,0,93,611,15903,3515,11802,586,16757
2008,Virginia,7769089,20031,370,1794,0,7470,10397,196726,32188,151191,13347,216757
2008,Washington,6549224,21888,193,2653,0,6419,12623,249283,53136,167013,29134,271171
2008,West Virginia,1814468,5006,67,389,0,896,3654,45971,10840,31967,3164,50977
2008,Wisconsin,5627967,15507,146,1128,0,5163,9070,155456,27459,116456,11541,170963
2008,Wyoming,532668,1330,12,185,0,87,1046,14515,2198,11584,733,15845
2009,Alabama,4708708,21194,322,1504,0,6265,13103,178007,48844,118072,11091,398402
2009, Alaska,698473,4424,22,513,0,654,3235,20538,3600,15251,1687,24962
2009,Arizona,6595778,28128,380,2279,0,8199,17270,236721,54308,155976,26437,264849
2009,Arkansas,2889450,14905,179,1378,0,2576,10772,109078,34753,68228,6097,123983
2009,California,36961664,174934,1972,8713,0,64093,100156,1009433,230198,615402,163833,1184367
2009, Colorado,5024748,17022,159,2269,0,3371,11223,134196,26637,95079,12480,151218
2009,Connecticut,3518288,10588,106,657,0,4001,5824,82625,15172,59992,7461,93213
2009,Delaware,885122,5713,41,395,0,1680,3597,29685,6943,20836,1906,35398
2009,Florida,18537969,113541,1017,5501,0,30911,76112,712010,181884,479867,50259,825551
2009,Georgia,9829211,42073,566,2323,0,14631,24553,360985,98606,229216,33163,403058
2009,Hawaii,1295178,3550,23,385,0,1030,2112,47516,9244,33415,4857,51066
2009,Idaho,1545801,3805,24,575,0,254,2952,31220,6682,23066,1472,35025
2009,Illinois,12910409,64185,773,3901,0,22923,36588,353347,77850,248821,26676,417532
2009,Indiana,6423113,21455,312,1621,0,7347,12175,199907,48880,137190,13837,221362
2009,Iowa,3007856,8485,38,890,0,1201,6356,70080,16419,49757,3904,78565
2009,Kansas,2818747,11460,125,1179,0,1786,8370,90930,19473,65499,5958,102390
2009,Kentucky,4314113,11000,184,1531,0,3642,5643,108914,29880,72938,6096,119914
2009,Louisiana,4492076,28878,529,1351,0,6150,20848,172619,46928,114102,11589,201497
2009,Maine,1318301,1580,26,375,0,399,780,31706,6729,23955,1022,33286
2009,Maryland,5699478,33625,440,1156,0,12007,20022,182295,36905,125771,19619,215920
2009,Massachusetts,6593587,30503,173,1734,0,7467,21129,153178,34515,106799,11864,183681
2009,Michigan,9969727,49825,623,4524,0,12427,32251,284019,76046,178628,29345,333844
2009,Minnesota,5266214,12874,74,1789,0,3619,7392,139286,25580,105160,8546,152160
2009,Mississippi,2951996,8451,194,991,0,2969,4297,87327,29559,52329,5439,95778
2009,Missouri,5987580,29513,387,1606,0,7437,20083,201783,43591,140764,17428,231296
2009,Montana,974989,2798,32,357,0,228,2181,24826,3686,19528,1612,27624
2009,Nebraska,1796619,5199,41,617,0,1220,3321,49731,8726,37496,3509,54930
2009,Nevada,2643085,18639,156,1024,0,6028,11431,80976,22115,46463,12398,99615
2009,New Hampshire,1324575,2125,11,399,0,454,1261,28790,4915,22748,1127,30915
2009,New Jersey,8707739,27113,319,1041,0,11639,14114,180752,36945,128303,15504,207865
2009,New Mexico,2009671,12709,198,1069,0,1932,9510,74639,21955,46182,6502,87348
2009,New York,19541453,75110,781,2582,0,28141,43606,377537,62769,292897,21871,452647
2009,North Carolina,9380884,37946,489,2306,0,11825,23326,343707,107830,215923,19954,381653
2009,North Dakota,646844,1723,12,296,0,107,1308,12813,2426,9474,913,14536
2009,Ohio,11542645,38305,527,4119,0,17670,15989,376446,104009,249777,22660,414751
2009,Oklahoma,3687050,18560,234,1535,0,3358,13433,132350,38071,83813,10466,150910
2009,Oregon,3825657,9968,88,1202,0,2499,6179,114780,19739,85064,9977,124748
2009,Pennsylvania,12604767,48188,664,3626,0,17504,26394,277182,54772,204588,17822,325370
2009,Rhode Island,1053209,2678,32,296,0,785,1565,27558,5753,19403,2402,30236
2009,South Carolina,4561242,30799,305,1663,0,5753,23078,178310,45443,119250,13617,209109
2009,South Dakota,812383,1777,30,501,0,117,1129,14378,2621,10891,866,16155
2009,Tennessee,6296254,41933,468,2019,0,9653,29793,237157,63832,158309,15016,279090
2009,Texas,24782302,121684,1330,8311,0,38022,74021,995082,240058,678455,76569,1116766
2009,Utah,2784572,5998,39,941,0,1304,3714,91751,15258,69556,6937,97749
2009,Vermont,621760,837,8,132,0,111,586,15010,3471,11090,449,15847
2009,Virginia,7882590,18195,370,1572,0,6342,9911,194020,31956,150374,11690,212215
2009,Washington,6664195,22412,190,2583,0,6711,12928,245215,53047,168421,23747,267627
2009,West Virginia,1819777,5554,84,470,0,914,4086,46215,12005,31453,2757,51769
2009,Wisconsin,5654774,14650,146,1118,0,4904,8482,147692,26813,111947,8932,162342
2009,Wyoming,544270,1196,11,172,0,78,935,14243,2176,11310,757,15439
2010,Alabama,4785401,18363,275,1355,0,4864,11869,168828,42484,115564,10780,374382
2010, Alaska,714146,4537,31,533,0,594,3379,20259,3105,15535,1619,24796
2010,Arizona,6413158,26528,408,2191,0,6953,16976,226802,50932,154137,21733,253330
2010,Arkansas,2921588,14711,134,1321,0,2369,10887,103820,32463,65796,5561,118531
2010,California,37338198,164133,1809,8331,0,58116,95877,981939,228857,600558,152524,1146072
2010, Colorado,5047692,16339,129,2230,0,3164,10816,135001,26196,97534,11271,151340
2010,Connecticut,3575498,10083,133,595,0,3553,5802,78259,15145,56413,6701,88342
2010,Delaware,899792,5608,51,326,0,1839,3392,31078,7550,21593,1935,36686
2010,Florida,18838613,101969,987,5373,0,26086,69523,669035,169119,458454,41462,771004
2010,Georgia,9712157,39068,555,2107,0,12372,24034,353449,96947,226161,30341,392517
2010,Hawaii,1363359,3603,25,377,0,1065,2136,45667,8706,31681,5280,49270
2010,Idaho,1571102,3464,22,533,0,213,2696,31436,6513,23594,1329,34900
2010,Illinois,12841980,57132,704,3066,0,20386,32976,349064,77472,242681,28911,406196
2010,Indiana,6490622,20983,268,1760,0,6559,12396,199274,48570,137204,13500,220257
2010,Iowa,3050202,8191,38,883,0,1012,6258,68740,16746,48194,3800,76931
2010,Kansas,2859143,10602,97,1146,0,1538,7821,89109,19315,63774,6020,99711
2010,Kentucky,4347223,10604,188,1438,0,3748,5230,111170,30443,74488,6239,121774
2010,Louisiana,4545343,25241,500,1230,0,5297,18214,165667,45437,110260,9970,190908
2010,Maine,1327379,1621,24,389,0,412,796,32900,7364,24547,989,34521
2010,Maryland,5785681,31607,426,1228,0,11054,18899,173309,36704,118578,18027,204916
2010,Massachusetts,6555466,30737,214,1784,0,6897,21842,154496,37903,105124,11469,185233
2010,Michigan,9877143,48693,580,4733,0,11522,31858,271501,74345,169748,27408,320194
2010,Minnesota,5310658,12515,96,1798,0,3388,7233,136431,24415,103429,8587,148946
2010,Mississippi,2970072,7999,204,931,0,2777,4087,88596,30453,52784,5359,96595
2010,Missouri,5995715,27440,420,1445,0,6185,19390,200858,44197,140526,16135,228298
2010,Montana,990958,2733,25,332,0,154,2222,25409,3692,20166,1551,28142
2010,Nebraska,1830141,5093,54,674,0,1020,3345,48827,8318,36896,3613,53920
2010,Nevada,2704283,17929,158,965,0,5298,11508,75004,22286,42533,10185,92933
2010,New Hampshire,1316807,2204,13,411,0,450,1330,29230,5444,22789,997,31434
2010,New Jersey,8799593,27055,371,981,0,11818,13885,183042,38732,128754,15556,210097
2010,New Mexico,2065913,12147,140,959,0,1616,9432,70776,21023,44503,5250,82923
2010,New York,19395206,76492,868,2797,0,28630,44197,379710,65839,293232,20639,456202
2010,North Carolina,9560234,34679,474,2002,0,9620,22583,329202,102826,208057,18319,363881
2010,North Dakota,674629,1548,10,245,0,90,1203,12010,2000,9137,873,13558
2010,Ohio,11537968,36306,479,3730,0,16486,15611,376836,107125,248581,21130,413142
2010,Oklahoma,3760184,18100,195,1469,0,3345,13091,129464,37848,81303,10313,147564
2010,Oregon,3838332,9648,96,1239,0,2421,5892,116657,20035,87494,9128,126305
2010,Pennsylvania,12717722,46612,653,3472,0,16375,26112,276366,55206,204440,16720,322978
2010,Rhode Island,1052528,2709,29,298,0,782,1600,26959,6124,18432,2403,29668
2010,South Carolina,4637106,27923,265,1551,0,5017,21090,181098,46261,121544,13293,209021
2010,South Dakota,816598,2196,23,385,0,154,1634,15188,3192,11196,800,17384
2010,Tennessee,6357436,38909,359,2173,0,8361,28016,232855,64293,153729,14833,271764
2010,Texas,25253466,113231,1249,7622,0,32843,71517,951246,228597,654626,68023,1064477
2010,Utah,2775479,5925,53,983,0,1269,3620,88316,15095,67242,5979,94241
2010,Vermont,625909,820,7,141,0,76,596,14160,3348,10373,439,14980
2010,Virginia,8023953,17184,376,1580,0,5678,9550,187403,30804,145990,10609,204587
2010,Washington,6742950,21138,154,2579,0,5929,12476,249426,55192,168490,25744,270564
2010,West Virginia,1854368,5586,58,362,0,776,4390,41301,10778,28104,2419,46887
2010,Wisconsin,5691659,14167,155,1191,0,4516,8305,142781,26636,107993,8152,156948
2010,Wyoming,564554,1117,8,162,0,77,870,13869,2151,11126,592,14986
2011,Alabama,4803689,20166,299,1370,0,4906,13591,173192,51119,111411,10662,386716
2011, Alaska,723860,4416,30,436,0,576,3374,19094,2852,14854,1388,23510
2011,Arizona,6467315,26789,397,2499,0,7145,16748,229896,54695,155400,19801,256685
2011,Arkansas,2938582,14173,160,1230,0,2357,10426,110430,34016,70645,5769,124603
2011,California,37683933,154943,1792,7665,0,54291,91195,973822,230075,596905,146842,1128765
2011, Colorado,5116302,16085,155,2285,0,3299,10346,132781,25725,96054,11002,148866
2011,Connecticut,3586717,9889,129,689,0,3689,5382,77205,15468,55067,6670,87094
2011,Delaware,908137,5144,48,307,0,1558,3231,31163,7617,22001,1545,36307
2011,Florida,19082262,98198,984,5273,0,25622,66319,671200,170171,461408,39621,769398
2011,Georgia,9812460,36762,549,2066,0,12266,21881,357235,96014,231543,29678,393997
2011,Hawaii,1378129,3465,20,353,0,994,2098,43874,8165,31240,4469,47339
2011,Idaho,1583744,3202,35,444,0,188,2535,32875,6915,24629,1331,36077
2011,Illinois,12859752,54523,781,3030,0,20217,30495,344468,77719,237362,29387,398991
2011,Indiana,6516353,21619,306,1758,0,6977,12578,206016,50571,140630,14815,227635
2011,Iowa,3064097,7883,44,866,0,824,6149,72043,17573,50472,3998,79926
2011,Kansas,2870386,10209,111,1122,0,1448,7528,88655,18712,63259,6684,98864
2011,Kentucky,4366814,10465,151,1499,0,3705,5110,119037,32750,79586,6701,129502
2011,Louisiana,4574766,25373,506,1262,0,5235,18370,168529,46242,113174,9113,193902
2011,Maine,1328544,1638,26,394,0,370,848,33829,7865,24886,1078,35467
2011,Maryland,5839572,28817,399,1200,0,10342,16876,166846,35823,114951,16072,195663
2011,Massachusetts,6607003,28232,184,1654,0,6768,19626,148829,36403,101644,10782,177061
2011,Michigan,9876801,43731,617,4344,0,10263,28507,251329,69755,156666,24908,295060
2011,Minnesota,5347299,12323,75,2113,0,3385,6750,136183,25681,102354,8148,148506
2011,Mississippi,2977457,8009,232,863,0,2496,4418,89809,30722,54179,4908,97818
2011,Missouri,6008984,26888,366,1469,0,6275,18778,199085,44875,138879,15331,225973
2011,Montana,997667,2755,29,366,0,171,2189,23885,3347,19089,1449,26640
2011,Nebraska,1842234,4672,68,699,0,993,2912,50894,8725,38060,4109,55566
2011,Nevada,2720028,15452,139,913,0,4308,10092,70075,20342,40156,9577,85527
2011,New Hampshire,1317807,2864,16,581,0,509,1758,32756,6244,25398,1114,35620
2011,New Jersey,8834773,27203,380,1006,0,12209,13608,189719,43238,129066,17415,216922
2011,New Mexico,2078674,11904,158,856,0,1720,9170,73549,21419,46730,5400,85453
2011,New York,19501616,77463,769,2751,0,28405,45538,371837,65227,287361,19249,449300
2011,North Carolina,9651103,33421,498,1959,0,9448,21516,337806,105534,215453,16819,371227
2011,North Dakota,684740,1699,24,266,0,91,1318,13334,2458,9891,985,15033
2011,Ohio,11541007,35218,500,3679,0,15991,15048,380572,112901,246744,20927,415790
2011,Oklahoma,3784163,17311,212,1410,0,3288,12401,127618,36462,80064,11092,144929
2011,Oregon,3868229,9643,84,1239,0,2237,6083,121869,20704,92059,9106,131512
2011,Pennsylvania,12743948,46189,639,3339,0,16165,26046,283442,57966,208604,16872,329631
2011,Rhode Island,1050646,2586,20,319,0,744,1503,27976,6836,18765,2375,30562
2011,South Carolina,4673348,27894,320,1678,0,4631,21265,183243,47351,122255,13637,211137
2011,South Dakota,823593,2105,20,503,0,167,1415,15299,2927,11423,949,17404
2011,Tennessee,6399787,38895,380,2095,0,8082,28338,230900,62830,153928,14142,269795
2011,Texas,25631778,104734,1130,7486,0,28620,67498,892810,215755,613131,63924,997544
2011,Utah,2814347,5547,50,901,0,1079,3517,84084,13170,64727,6187,89631
2011,Vermont,626592,925,11,146,0,99,669,15086,3838,10720,528,16011
2011,Virginia,8104384,16014,304,1591,0,5425,8694,182902,30656,142476,9770,198916
2011,Washington,6823267,20152,163,2320,0,5627,12042,244209,56561,162828,24820,264361
2011,West Virginia,1854908,5497,87,372,0,802,4236,39009,10245,26656,2108,44506
2011,Wisconsin,5709843,14268,138,1190,0,4600,8340,139912,27167,104472,8273,154180
2011,Wyoming,567356,1245,18,146,0,71,1010,12878,1864,10493,521,14123
2012,Alabama,4817528,21693,342,1296,0,5020,15035,168878,47481,111523,9874,381142
2012, Alaska,730307,4412,30,583,0,630,3169,20037,2950,15565,1522,24449
2012,Arizona,6551149,28077,358,2282,0,7383,18054,231701,52911,159808,18982,259778
2012,Arkansas,2949828,13851,174,1233,0,2310,10134,109389,32673,70982,5734,123240
2012,California,37999878,160944,1884,7837,0,56521,94702,1049465,245767,635090,168608,1210409
2012, Colorado,5189458,15951,152,2122,0,3392,10285,139355,26163,101091,12101,155306
2012,Connecticut,3591765,10183,117,933,0,3709,5424,77169,14787,55904,6478,87352
2012,Delaware,917053,5048,56,249,0,1498,3245,30707,7389,21880,1438,35755
2012,Florida,19320749,94087,1009,5260,0,23889,63929,632988,153563,442095,37330,727075
2012,Georgia,9915646,37675,583,2143,0,12502,22447,339473,86992,223875,28606,377148
2012,Hawaii,1390090,3378,21,279,0,1125,1953,43419,7653,31901,3865,46797
2012,Idaho,1595590,3348,30,495,0,243,2580,31825,7240,23203,1382,35173
2012,Illinois,12868192,53556,770,3581,0,19480,29725,332706,71100,235314,26292,386262
2012,Indiana,6537782,22544,307,1661,0,6601,13975,197994,47689,136668,13637,220538
2012,Iowa,3075039,8167,49,901,0,962,6255,70357,17201,49116,4040,78524
2012,Kansas,2885398,10292,85,1105,0,1493,7609,91066,18874,65413,6779,101358
2012,Kentucky,4379730,9852,201,1312,0,3547,4792,112800,29877,76199,6724,122652
2012,Louisiana,4602134,22839,489,1155,0,5458,15737,162673,42037,112764,7872,185512
2012,Maine,1328501,1626,26,372,0,420,808,33398,7476,24931,991,35024
2012,Maryland,5884868,28086,373,1237,0,10173,16303,162309,33803,113550,14956,190395
2012,Massachusetts,6645303,27047,121,1650,0,6555,18721,143325,34635,99453,9237,170372
2012,Michigan,9882519,44962,701,4635,0,10423,29203,249249,65560,158609,25080,294211
2012,Minnesota,5379646,12419,99,1638,0,3475,7207,138152,25378,104316,8458,150571
2012,Mississippi,2986450,7769,213,819,0,2277,4460,83933,28084,51520,4329,91702
2012,Missouri,6024522,27189,390,1527,0,5782,19490,199813,42510,140971,16332,227002
2012,Montana,1005494,2803,29,392,0,202,2180,26102,3920,20484,1698,28905
2012,Nebraska,1855350,4802,52,710,0,1128,2912,51203,8745,38301,4157,56005
2012,Nevada,2754354,16763,124,931,0,4918,10790,77510,22120,45372,10018,94273
2012,New Hampshire,1321617,2841,15,486,0,471,1869,32074,5988,25024,1062,34915
2012,New Jersey,8867749,25727,388,1035,0,11385,12919,181481,42338,122662,16481,207208
2012,New Mexico,2083540,11660,116,957,0,1847,8740,75094,21384,48247,5463,86754
2012,New York,19576125,79535,683,2837,0,28633,47382,375268,64389,293562,17317,454803
2012,North Carolina,9748364,34464,479,1984,0,9392,22609,328594,99323,213151,16120,363058
2012,North Dakota,701345,1723,25,279,0,127,1292,14297,2429,10687,1181,16020
2012,Ohio,11553031,34827,478,3813,0,15396,15140,370435,105312,245372,19751,405262
2012,Oklahoma,3815780,18102,220,1622,0,3248,13012,130969,36094,83131,11744,149071
2012,Oregon,3899801,9638,91,1159,0,2419,5969,126417,22051,94114,10252,136055
2012,Pennsylvania,12764475,45384,707,3371,0,15735,25571,276562,57040,204409,15113,321946
2012,Rhode Island,1050304,2657,36,292,0,715,1614,27039,5929,18478,2632,29696
2012,South Carolina,4723417,26474,332,1712,0,4511,19919,181049,45222,122340,13487,207523
2012,South Dakota,834047,2701,23,600,0,157,1921,17326,3280,12973,1073,20027
2012,Tennessee,6454914,41213,400,2047,0,8151,30615,217925,56231,148731,12963,259138
2012,Texas,26060796,106475,1148,7715,0,30385,67227,876459,205002,606425,65032,982934
2012,Utah,2854871,5939,52,975,0,1105,3807,86284,13095,67157,6032,92223
2012,Vermont,625953,891,8,131,0,114,638,15653,4179,11014,460,16544
2012,Virginia,8186628,15676,322,1505,0,4718,9131,178434,29651,139654,9129,194110
2012,Washington,6895318,20553,217,2250,0,5801,12285,254377,61376,166338,26663,274930
2012,West Virginia,1856680,5943,70,415,0,835,4623,44500,11466,30800,2234,50443
2012,Wisconsin,5724554,16254,169,1228,0,4692,10165,140780,27931,104619,8230,157034
2012,Wyoming,576626,1161,14,154,0,61,932,13222,2125,10513,584,14383
2013,Alabama,4833996,20834,346,1449,2055,4645,13788,161835,42410,108862,10563,366787
2013, Alaska,737259,4709,34,657,925,623,3127,21211,2917,16599,1695,25920
2013,Arizona,6634997,27576,355,2344,3174,6656,17391,223294,48292,158036,16966,250870
2013,Arkansas,2958765,13705,158,1135,1490,2261,9796,106477,30369,70430,5678,120182
2013,California,38431393,154739,1746,7464,10324,53640,89029,1018907,232058,621557,165292,1173646
2013, Colorado,5272086,16099,174,2198,2963,3136,9826,139974,25075,102375,12524,156073
2013,Connecticut,3599341,9439,91,647,891,3551,4906,71274,12934,52099,6241,80713
2013,Delaware,925240,4633,41,278,399,1233,2960,29001,6299,21347,1355,33634
2013,Florida,19600311,91993,972,4765,6767,23200,61054,607170,138915,433344,34911,699163
2013,Georgia,9994759,37519,563,2022,2891,12704,21361,339808,83459,229190,27159,377327
2013,Hawaii,1408987,3585,32,366,508,934,2111,45266,7777,32928,4561,48851
2013,Idaho,1612843,3471,29,516,674,220,2548,30230,6693,21999,1538,33701
2013,Illinois,12890552,51956,722,3895,5340,17733,28161,296048,59093,216059,20896,348004
2013,Indiana,6570713,23627,357,1623,2241,7114,13915,187472,42754,130534,14184,211099
2013,Iowa,3092341,8443,41,873,1133,937,6332,67976,15918,47803,4255,76419
2013,Kansas,2895801,9928,117,1003,1295,1339,7177,85704,17476,61557,6671,95632
2013,Kentucky,4399583,9280,172,951,1646,3247,4215,104448,26331,72048,6069,113728
2013,Louisiana,4629284,24127,494,1248,1763,5539,16331,165679,41214,115300,9165,189806
2013,Maine,1328702,1761,24,366,495,335,907,30454,6480,23063,911,32215
2013,Maryland,5938737,28235,384,1179,1679,10048,16124,157918,31950,112551,13417,186153
2013,Massachusetts,6708874,27264,138,1722,2303,6705,18118,137274,30716,97437,9121,164538
2013,Michigan,9898193,44757,625,4506,6785,10093,27254,230135,56256,149794,24085,274892
2013,Minnesota,5422060,12710,114,1453,2014,3674,6908,131193,22713,100514,7966,143903
2013,Mississippi,2992206,8303,217,726,1024,2413,4649,81548,24969,52192,4387,89851
2013,Missouri,6044917,26216,369,1679,2305,5486,18056,189655,38797,134514,16344,215871
2013,Montana,1014864,2924,23,382,467,217,2217,26195,4122,20192,1881,29119
2013,Nebraska,1868969,4949,56,621,847,1035,3011,49197,8945,35791,4461,54146
2013,Nevada,2791494,16888,163,1090,1482,5183,10060,79177,23047,46132,9998,96065
2013,New Hampshire,1322616,2952,21,522,778,647,1506,29278,4979,23355,944,32230
2013,New Jersey,8911502,25748,404,861,1189,12084,12071,167634,35883,118005,13746,193382
2013,New Mexico,2086895,12990,123,1135,1565,1832,9470,78958,21828,51146,5984,91948
2013,New York,19695680,77563,644,2575,3548,27241,46130,358603,56444,286676,15483,436166
2013,North Carolina,9848917,33587,463,1790,2524,9275,21325,305631,90182,201043,14406,339218
2013,North Dakota,723857,1979,16,288,355,161,1447,15356,2979,10942,1435,17335
2013,Ohio,11572005,33722,478,3594,4391,14483,14370,338414,91090,227799,19525,372136
2013,Oklahoma,3853118,17187,198,1715,2314,3023,11652,126418,33512,81624,11282,143605
2013,Oregon,3928068,9536,82,1000,1464,2394,5596,125083,20808,94363,9912,134619
2013,Pennsylvania,12781296,42825,611,2728,3795,14739,23680,263176,52000,197410,13766,306001
2013,Rhode Island,1053354,2710,31,333,449,683,1547,25741,5621,17881,2239,28451
2013,South Carolina,4771929,24263,305,1739,2233,3965,17760,173261,40930,119730,12601,197524
2013,South Dakota,845510,2733,18,454,507,156,2052,16274,3383,11955,936,19007
2013,Tennessee,6497269,38063,335,1904,2500,7333,27895,207683,51334,144443,11906,245746
2013,Texas,26505637,108757,1140,7610,10456,31810,65351,862289,191062,605440,65787,971046
2013,Utah,2902787,6644,51,926,1522,1247,3824,88334,13727,67115,7492,94978
2013,Vermont,626855,775,10,113,136,75,554,13882,3352,10193,337,14657
2013,Virginia,8270345,16355,320,1476,2350,4574,9111,171558,26717,136215,8626,187913
2013,Washington,6973742,20223,167,2072,2604,5829,11623,259139,58487,172227,28425,279362
2013,West Virginia,1853595,5657,62,367,700,653,4242,39929,9908,28055,1966,45586
2013,Wisconsin,5742953,16118,163,1308,1836,4834,9285,125694,24358,93946,7390,141812
2013,Wyoming,583223,1212,17,144,204,74,917,12809,1956,10275,578,14021
2014,Alabama,4849377,20727,276,1436,2005,4701,13745,154094,39715,104238,10141,351078
2014, Alaska,736732,4684,41,555,771,629,3243,20334,3150,15445,1739,25018
2014,Arizona,6731484,26916,319,2464,3378,6249,16970,215240,43562,154091,17587,242156
2014,Arkansas,2966369,14243,165,1182,1763,2050,10265,99018,24790,68627,5601,113261
2014,California,38802500,153709,1699,8398,11527,48680,91803,947192,202670,592670,151852,1100901
2014, Colorado,5355866,16554,151,2121,3039,3039,10325,135510,23472,99464,12574,152064
2014,Connecticut,3596677,8522,86,571,782,3159,4495,69070,11955,51005,6110,77592
2014,Delaware,935614,4576,54,249,386,1269,2867,27900,5768,20865,1267,32476
2014,Florida,19893297,107521,1149,6051,8563,24914,72895,679446,143220,493647,42579,786967
2014,Georgia,10097343,38097,580,2159,3048,12417,22052,331316,76428,228034,26854,369413
2014,Hawaii,1419561,3680,26,314,445,1107,2102,43297,7778,31640,3879,46977
2014,Idaho,1634464,3468,32,468,609,204,2623,30316,6428,22227,1661,33784
2014,Illinois,12880580,47663,685,3081,4159,15299,27520,267385,50008,199926,17451,315048
2014,Indiana,6596855,24099,330,1615,2186,6897,14686,174776,36893,124022,13861,198875
2014,Iowa,3107126,8497,60,828,1128,1045,6264,65056,14428,46477,4151,73553
2014,Kansas,2904021,10123,91,1075,1411,1362,7259,79431,15828,56697,6906,89554
2014,Kentucky,4413457,9340,160,883,1440,3336,4404,99166,23244,69604,6318,108506
2014,Louisiana,4649676,23934,477,992,1375,5695,16387,160824,38337,112596,9891,184758
2014,Maine,1330089,1700,21,360,485,304,890,26421,5030,20592,799,28121
2014,Maryland,5976407,26661,365,1144,1619,9544,15133,149859,28012,108745,13102,176520
2014,Massachusetts,6745408,26399,132,1629,2180,6036,18051,125267,24964,92043,8260,151666
2014,Michigan,9909877,42348,535,4049,6273,8021,27519,202547,44184,137206,21157,244895
2014,Minnesota,5457173,12505,88,1452,2001,3687,6729,125377,20773,96237,8367,137882
2014,Mississippi,2994079,8338,258,764,1058,2430,4592,87462,24352,58591,4519,95800
2014,Missouri,6063589,26856,403,1706,2379,5592,18482,176237,35258,124622,16357,203093
2014,Montana,1023579,3313,37,430,541,203,2532,25312,3595,19674,2043,28625
2014,Nebraska,1881503,5275,54,620,862,1043,3316,47479,7950,35074,4455,52754
2014,Nevada,2839099,18045,170,995,1357,5954,10564,74538,21927,42426,10185,92583
2014,New Hampshire,1326813,2602,12,458,594,537,1459,26041,4162,21022,857,28643
2014,New Jersey,8938175,23346,349,953,1274,10498,11225,154993,31710,111578,11705,178339
2014,New Mexico,2085572,12459,101,1071,1475,2086,8797,73877,18505,49082,6290,86336
2014,New York,19746227,75398,617,3918,5433,24045,45303,339282,50781,272765,15736,414680
2014,North Carolina,9943964,32767,510,1740,2420,8416,21421,285697,79373,192694,13630,318464
2014,North Dakota,739482,1960,22,276,358,173,1407,15605,2707,11384,1514,17565
2014,Ohio,11594163,33030,464,4097,5042,12753,14771,324528,78845,227668,18015,357558
2014,Oklahoma,3878051,15744,175,1277,1777,3048,10744,115982,29508,75891,10583,131726
2014,Oregon,3970239,9224,81,1052,1458,2093,5592,114305,17230,87526,9549,123529
2014,Pennsylvania,12787209,40164,614,2787,3827,13534,22189,247016,45720,188256,13040,287180
2014,Rhode Island,1055173,2313,25,253,361,529,1398,22935,4823,16279,1833,25248
2014,South Carolina,4832482,24052,311,1480,2068,3997,17676,167217,36721,117594,12902,191269
2014,South Dakota,853175,2786,20,413,470,200,2096,15902,2818,12077,1007,18688
2014,Tennessee,6549352,39848,371,1861,2531,7265,29681,200447,46642,141206,12599,240295
2014,Texas,26956958,109414,1184,8236,11393,31181,65656,813934,169234,576154,68546,923348
2014,Utah,2942902,6346,67,945,1454,1312,3513,84711,11518,65895,7298,91057
2014,Vermont,626562,622,10,99,110,70,432,9551,2034,7273,244,10173
2014,Virginia,8326289,16340,338,1432,2310,4292,9400,160720,23122,129933,7665,177060
2014,Washington,7061530,20136,174,2171,2695,5640,11627,261706,55290,175769,30647,281842
2014,West Virginia,1850326,5588,74,285,505,651,4358,37648,8973,26779,1896,43236
2014,Wisconsin,5757564,16714,165,1168,1674,5066,9809,120238,21216,89103,9919,136952
2014,Wyoming,584153,1142,16,126,174,53,899,11477,1689,9185,603,12619
"		",,,,,,,,,,,,,